x;y
-369;70
128;699
-951;-66
571;-671
526;-661
932;-912
54;643
-446;38
138;598
476;-337
-177;125
-623;73
584;985
161;-48
519;-753
-383;159
155;-157
-933;-35
-393;164
268;467
-319;342
-96;201
-35;832
-621;705
-177;-976
-221;843
-840;623
692;-10
-616;-865
939;897
683;-774
-867;26
700;-315
-718;-520
164;301
397;-747
-509;-149
-103;923
702;-714
-277;-593
-212;829
-833;-24
996;-376
51;-594
-935;-948
54;-156
68;618
304;-242
-795;82
-910;609
596;705
351;916
774;-257
127;794
918;-775
-50;190
-152;-971
-465;-507
909;-44
-249;-945
558;351
123;-501
-412;-732
-722;447
-238;-320
-390;557
970;168
437;660
-951;562
-985;-690
-57;68
-752;-102
642;888
706;-681
-420;-873
857;-447
-461;-770
-33;689
-166;-786
-582;729
-271;250
366;-856
699;353
-610;673
-614;815
-266;-991
-467;202
-935;-68
-355;-431
-94;11
694;-124
-779;-445
217;-458
591;827
583;685
-72;182
-908;-41
592;675
300;694
-767;-816
-2;-166
949;250
461;-864
313;218
851;-627
442;-53
112;137
-612;159
-773;821
420;-220
-365;-588
-642;-251
272;237
483;564
-128;-867
-419;353
-687;452
-66;969
-647;955
768;122
-727;885
568;-772
976;-868
-989;-663
-460;-123
530;-921
-108;-673
986;555
-4;558
517;-506
318;-458
638;448
-945;883
307;78
977;211
443;-31
204;103
647;-318
484;-33
-38;-240
-142;-480
-525;116
-346;-797
409;195
866;814
-835;-340
-696;326
-6;-64
-20;-164
-430;544
-902;394
-507;981
-923;624
-290;-392
760;796
797;-388
776;641
-469;979
708;333
-776;561
-172;-44
780;-209
418;-190
-96;30
-823;664
-898;-134
-713;-848
62;502
-897;306
-155;-284
473;-555
598;90
-767;294
498;169
78;775
103;-596
-409;925
-676;952
-997;-391
168;-95
608;-796
-665;859
908;406
-920;954
-989;967
-782;-552
361;-396
-831;-821
-103;464
-195;887
-612;309
-931;-832
957;-222
-64;-393
146;675
680;-988
-466;451
350;-743
345;18
-323;-699
466;-564
-814;-302
-868;-581
-433;498
655;173
-86;994
598;-822
-117;850
-602;-157
547;512
-879;-982
-615;49
158;-410
7;925
279;8
723;-233
-9;898
387;698
294;656
-445;-645
-686;59
245;-820
-721;241
883;766
396;409
-330;75
46;-664
650;893
-785;-417
-34;767
-648;587
-550;589
-4;827
-764;-654
864;-994
397;-543
-592;-315
-134;68
79;399
12;-536
-228;-108
-94;984
-782;368
271;-938
669;-422
-375;-484
627;-343
-467;10
385;-14
202;84
342;-802
-961;69
-810;698
558;783
116;464
-708;-664
-144;578
-244;312
838;-491
-902;583
287;-262
-499;-76
122;-584
-180;-234
-9;-732
-618;288
49;-579
302;797
-499;-964
293;-448
-259;-404
642;-693
-654;916
967;782
370;-799
712;-174
305;244
-790;882
426;963
-981;-184
934;-477
-572;-287
-965;-990
-122;-337
-62;-371
30;524
353;30
905;-591
-377;464
261;-500
-566;120
290;268
302;486
-685;326
-676;-670
-186;97
395;-668
-218;329
986;-131
-560;126
-179;-584
687;-344
-571;671
-982;-537
-555;-219
-810;-96
-950;284
-452;-654
181;-223
-729;475
862;-798
915;-628
0;-916
-892;510
-123;-997
619;301
119;-719
95;-835
-818;-490
-773;-209
-378;-517
-360;-303
122;180
-481;18
-248;815
76;141
-609;241
-386;252
906;202
834;-252
-8;-515
-354;-237
805;0
331;139
63;4
989;-126
903;221
-153;-293
454;441
-436;-355
547;-387
887;684
666;129
-149;206
184;686
628;-869
-16;500
-512;-70
-368;366
-142;619
-278;743
-608;-42
814;64
806;933
-411;319
-738;-38
829;-972
839;-725
-74;-44
654;111
697;755
70;578
323;-547
-561;124
-352;-701
73;-784
-571;461
-315;188
366;597
-590;201
-341;204
192;-454
-346;-900
-403;-895
108;-29
-779;-165
750;-635
110;-902
-251;-427
577;-253
-204;-782
36;-709
-425;762
-680;-967
699;-626
776;228
140;-439
-474;469
-934;797
788;663
854;-708
637;-862
269;868
942;-766
758;728
594;957
865;487
-764;-697
-828;-917
-15;86
154;-206
-92;-17
505;640
858;-996
-372;-102
903;108
55;668
999;569
845;124
675;696
468;823
588;-862
796;372
-356;-54
798;182
19;878
-21;-463
366;-848
-869;-536
529;-890
-178;-396
-424;-481
466;-992
-34;656
97;77
-751;703
665;-941
859;112
128;613
-798;-984
-778;681
-995;296
704;225
-550;-760
556;474
-375;358
655;269
-868;863
134;-452
-869;803
-333;887
637;191
-95;-26
3;-838
-660;589
-892;-649
-849;823
-5;416
-167;-759
-398;449
951;650
-650;-718
-716;29
769;-552
934;-615
777;-631
204;-262
333;179
143;110
-716;888
737;664
617;734
652;484
-402;-746
-612;436
-578;408
32;688
121;-505
553;-375
306;294
-958;-347
-864;-798
105;-660
-578;-976
646;268
-47;-394
807;226
56;-997
344;533
-407;466
-856;38
-652;424
969;-359
900;822
-955;-964
-909;-195
-159;-936
-551;215
427;-380
-233;643
389;-682
934;-812
210;-299
-631;545
-970;485
-763;-923
-640;276
553;416
-255;281
545;-526
-391;-759
-87;-219
-673;-728
101;-340
-28;861
413;884
376;866
611;-84
377;-991
838;592
211;-860
280;707
506;-201
-336;480
726;992
315;-17
-909;40
-309;623
727;-90
-527;358
843;-880
930;775
-791;66
-302;-304
-176;226
-477;367
-653;-704
776;-39
971;440
-959;387
-346;-629
-90;44
-128;-996
-32;-328
899;-997
-7;-92
-238;343
528;-787
157;720
-98;-618
-400;640
-713;1
-386;-927
163;578
-874;892
707;-930
-885;-597
332;-162
836;-423
-882;-638
-379;345
-102;-371
544;-376
-196;225
529;431
401;-223
289;887
-71;502
-199;-974
-935;-29
158;-826
-800;238
658;697
-253;183
-465;-984
85;-743
-581;-507
-933;990
646;-791
379;-134
-429;-451
404;-187
35;-918
316;-935
-127;-70
485;-975
997;-411
-229;167
-861;150
342;982
112;-533
-131;963
455;-792
-953;-650
-231;641
22;-14
236;-609
172;-6
547;618
738;-190
804;12
-43;-60
-245;-798
196;123
-159;-535
381;-132
30;-84
-311;-121
704;-125
-438;301
-958;-288
214;628
470;-707
736;856
520;598
460;653
537;182
-345;-584
99;677
-801;526
114;129
-508;-392
701;-24
547;731
-322;-263
114;708
-85;-203
541;-136
51;324
597;552
147;-966
-498;-185
296;343
263;-339
433;-971
843;-133
164;140
882;361
-214;950
-595;294
515;-836
-264;-330
-482;-633
491;-355
134;-214
-316;724
-254;-901
717;789
293;-517
-562;713
-145;445
-539;-162
-654;-625
34;539
207;-376
-857;-784
19;465
150;-577
462;-359
147;717
902;-967
-733;215
452;567
59;967
-158;492
-496;803
339;332
661;323
-783;-437
-359;-218
324;-135
870;816
246;-649
941;595
-420;974
321;210
495;751
76;-825
-965;-533
809;388
-442;-237
-450;674
-886;-336
-131;-624
-42;-88
-429;737
336;-797
-944;-365
165;-399
-271;-210
-974;-402
605;-120
-529;129
952;547
735;-183
816;-403
-394;367
-275;-133
-26;212
310;-304
-850;-355
-839;-224
-243;-866
731;250
-864;-333
125;-273
293;-267
-551;658
689;945
494;-35
-646;-165
-918;427
178;612
-188;-867
215;-314
402;-172
542;-199
275;-525
581;-180
-18;298
49;-619
50;596
-90;-400
-93;-412
868;75
-837;722
572;-304
62;-519
-835;806
-852;-15
489;764
589;-812
596;623
-74;-977
-77;-60
916;236
309;-776
11;375
-883;-459
-621;-368
695;911
101;247
738;-961
-199;604
808;-118
-720;405
635;444
-523;63
826;669
-140;-74
792;-990
464;824
892;-174
303;-63
919;-33
847;932
-52;-159
-587;182
379;800
647;920
-579;-186
630;630
-586;-38
-117;97
646;476
-375;750
-652;-437
-657;-687
-500;-611
-949;478
-137;-515
174;-971
-433;363
-836;318
596;-175
516;-571
406;-634
474;695
-782;-496
-820;-139
-935;-232
-899;215
-366;-913
-49;608
697;601
850;731
224;-844
-380;-863
-177;-358
726;511
431;796
124;-783
296;-967
34;488
810;-955
-904;996
213;819
233;362
-530;-1
-153;6
639;-925
-888;432
-974;-727
-926;94
811;654
713;-674
803;961
812;-283
922;831
524;424
10;-601
-55;513
689;257
-523;-351
84;474
884;-877
-176;-373
881;-722
-167;778
327;-251
158;322
-102;173
990;-575
-842;-389
235;248
-339;-489
-263;-903
-105;677
-813;626
495;-529
339;-223
602;775
-413;217
-321;-199
23;147
512;25
-661;139
393;651
-814;274
-405;542
-890;406
469;219
310;-89
842;-4
-650;-1
723;-51
-697;831
-858;-987
-639;-615
-650;758
-788;-934
844;-42
-225;924
-965;-134
144;534
435;192
819;297
-877;668
805;-318
786;402
-848;77
639;660
248;-361
-483;-221
125;-986
-85;407
481;359
-317;686
-527;-13
961;744
372;967
-986;-570
-910;471
94;-887
-730;322
-487;639
-773;290
354;-21
826;13
982;224
-158;-160
114;740
852;-615
-877;938
435;-775
-158;-322
164;-96
849;850
338;-660
622;689
41;-949
-556;439
769;619
919;338
-98;-342
543;-410
-360;-130
-659;988
-2;-109
30;651
-78;-971
-286;481
-714;-434
689;-931
-517;-837
700;486
-644;-336
216;926
605;-754
244;143
425;-997
-710;640
361;-903
-488;-877
573;-334
113;-5
-649;579
-559;-724
238;-895
-265;-567
-350;597
-269;718
668;-844
3;427
409;276
-581;846
-361;-983
-457;-360
289;-917
-213;-764
-521;737
132;258
-916;-522
-918;204
-578;789
445;107
899;-658
542;115
-918;-465
332;-46
887;143
288;622
-807;165
71;-933
416;669
-168;467
487;654
-583;-236
-875;506
735;-616
-990;247
-493;826
-788;629
367;623
818;-428
31;15
943;-21
119;195
975;-869
920;-690
912;456
-557;661
-639;859
-253;-922
536;-587
-989;-784
-64;320
-896;-65
973;577
700;-736
969;-451
665;253
421;226
945;-284
566;-903
-185;907
-894;-603
173;318
-322;-722
-911;-898
-359;973
-975;-550
767;-134
-205;272
-613;-279
-81;-871
839;-431
493;-75
-767;-177
394;666
622;813
-534;-581
-42;-892
-774;-508
-694;-122
644;472
953;-13
-453;-837
-765;-84
942;918
513;333
372;860
-508;635
982;622
-788;-968
-722;490
-436;-356
296;822
-487;142
-105;182
-864;100
380;-910
745;144
-49;317
-90;335
462;-55
-545;-665
-176;-605
47;705
-782;-448
-648;860
-526;685
74;-335
603;-356
-370;852
-897;-628
76;-791
-153;-98
497;34
-493;385
134;-225
-121;-316
416;566
715;918
-476;838
62;844
34;277
-569;-919
689;728
32;-228
-912;22
977;918
-452;-877
703;-963
-361;-280
-556;-125
772;30
-655;-124
-228;-951
137;848
-331;526
25;-476
792;898
58;-687
986;652
424;702
631;-814
-736;-340
908;487
-756;217
931;-359
-486;-533
382;-15
-250;43
300;275
-572;-486
879;-790
842;-108
494;708
312;-44
382;-614
-636;-632
374;993
-266;-323
100;570
413;-973
307;-639
-665;-343
983;-439
722;-988
-778;-568
301;-864
932;439
-930;-531
-383;-854
162;172
-897;-180
-248;233
-962;-103
671;-791
-85;556
-110;917
-777;565
774;311
692;321
-671;-852
-283;-788
305;571
6;276
792;67
-915;886
-229;-752
-936;-246
662;498
-229;-877
-827;-240
-575;754
987;-891
662;-231
-938;446
-12;-814
118;-292
855;400
-34;902
765;740
337;729
-780;756
358;399
241;-595
13;-699
989;-436
-709;606
981;-601
137;-6
-596;-82
393;-148
-564;-762
-557;-357
-854;-903
988;-208
-76;831
-660;176
-595;-434
-160;-263
-555;605
392;525
-837;194
595;367
1;335
-840;913
540;-241
-672;896
-626;50
-934;-238
-209;-109
379;852
-562;-200
563;-160
-494;570
-780;667
938;-285
-431;-972
413;927
-645;920
-601;929
275;-445
726;622
563;-754
930;673
791;216
-420;137
484;-466
-324;331
-232;140
-467;949
753;-541
-449;-766
7;-209
-528;965
-877;-988
-798;-182
-978;680
-152;965
324;-805
-912;-866
141;143
283;842
-272;-999
774;51
406;416
981;-334
258;-136
127;365
-547;-42
-36;-984
-744;377
-897;-525
-155;-627
39;951
-902;546
331;758
-426;-382
-790;540
-738;891
141;-120
-369;589
-632;928
523;-355
610;645
-56;778
256;-674
-337;311
167;-249
954;567
-853;127
658;-644
-541;142
-307;-827
-964;-20
-111;862
540;-78
-331;307
718;266
338;858
-637;-896
52;555
471;-386
-492;-651
-149;-564
493;829
-586;432
-895;154
-536;788
-911;251
714;-32
-930;90
-689;233
-542;710
35;987
657;278
104;209
889;-348
594;513
211;-488
600;815
-691;283
-317;-255
-198;97
-396;168
858;501
245;-524
741;221
466;-695
180;-183
-207;-571
855;-397
989;810
-78;-143
-378;-329
751;-920
-134;-391
604;729
858;803
-123;-313
-367;-577
901;935
-776;-148
725;532
-95;-917
949;-14
-881;-65
-509;150
-739;402
-184;881
265;-833
821;854
250;-812
374;599
-102;-273
-279;-60
-204;-872
-838;-830
192;837
-56;444
823;253
-819;187
437;-319
660;821
263;-472
-135;-303
-241;762
-51;340
420;-195
499;534
714;353
540;-26
-60;451
-527;325
-510;-956
-351;282
-864;691
761;790
380;-62
-941;544
643;2
137;-990
-452;-608
-729;207
127;527
-475;-965
-681;343
25;-487
-523;678
888;772
955;-39
56;906
-257;240
131;135
-907;80
720;904
956;828
1000;-278
537;-383
-800;897
-165;97
685;272
-985;227
-719;181
342;519
540;123
-23;-231
-915;-282
839;603
-988;499
-776;-936
-867;-467
963;205
817;-625
316;401
-645;900
-32;-432
907;990
290;-898
560;873
405;-634
36;-258
875;-354
162;-440
900;138
-744;907
287;-259
669;958
-735;-670
194;-439
179;69
-406;-148
285;-199
240;-891
-774;-350
961;785
-951;582
414;540
-1;-225
52;372
-533;877
-803;415
-871;-827
307;-826
212;40
509;-737
612;-824
-847;-965
954;861
-159;710
-345;-461
776;354
544;-811
-682;378
-601;576
85;-196
-362;830
-7;-404
706;-392
-294;-646
368;-962
887;138
518;676
-62;461
-965;540
69;-476
-589;676
-446;-352
698;994
785;828
-648;270
-704;-191
-904;82
713;522
-27;-322
429;100
-510;686
254;140
-717;-894
14;-463
-196;-769
360;-753
-218;565
-942;-435
973;274
-441;-482
407;132
-790;322
-810;-365
684;579
-348;22
447;-245
-194;-811
-929;443
43;-617
4;792
398;308
724;412
356;132
174;-112
-666;497
-737;-177
268;617
584;-246
945;-222
192;-711
650;844
326;114
-565;-462
-649;-460
-643;53
810;-725
652;-541
33;-354
402;820
139;-155
981;397
962;-532
-663;-889
-312;878
766;70
-514;614
485;-959
346;1
-184;-652
484;-814
815;269
-688;-217
-669;553
817;-727
-170;-478
628;75
9;276
-348;-425
399;-847
997;932
-820;967
-814;972
-999;578
-156;-704
454;886
256;-435
-257;-503
-359;604
-232;-796
-415;-643
395;-672
-467;308
100;-86
-71;-801
-365;-600
-626;239
140;81
906;-850
578;-666
-571;-707
-748;223
-708;-919
-342;484
-854;216
248;-829
395;-817
536;402
-568;-924
-165;770
537;-155
-451;90
-196;156
-514;348
69;-27
-454;171
-406;-753
-678;574
-741;48
-210;252
536;507
299;564
-27;-164
209;300
586;681
-106;470
-544;556
339;-971
-521;-363
-590;-440
-71;857
73;522
-137;-784
-100;-734
-659;-457
677;31
-245;-847
-936;666
104;-225
390;955
-520;-159
-530;791
-722;-828
945;-725
77;-671
-865;93
32;428
-341;252
506;92
822;675
561;998
715;579
-864;-42
-915;-92
304;557
-368;-772
384;-848
-287;946
935;-727
829;109
-212;612
-74;-278
-202;-672
-820;955
549;839
-631;507
482;549
590;-781
242;818
-215;626
-181;-61
425;-841
187;-767
244;-434
475;230
-306;244
125;70
442;-175
-847;-672
433;21
823;-939
-548;-318
517;303
31;858
-543;-313
-513;-593
801;890
-634;-330
-333;132
-729;-684
-715;-603
117;-376
371;327
817;34
-815;823
-900;257
-108;742
-624;6
791;900
243;-7
23;881
-557;-725
45;-56
-946;-271
927;-920
-194;-781
265;-563
-611;-284
-392;785
-862;214
652;-712
765;-953
588;-768
-41;569
-559;278
-971;483
-808;406
-332;-449
61;-645
-137;-696
809;-816
308;-769
-66;806
-599;797
304;-562
-987;-305
-731;-353
981;210
-311;-574
-833;-768
400;54
-341;-779
-46;274
-436;368
-672;-42
-795;475
-815;1000
-898;-815
679;387
15;-760
665;203
-428;817
-693;-928
575;-767
-113;-68
-708;-954
-261;-817
-221;-253
822;46
-100;485
309;589
451;403
-770;-849
-673;207
535;953
-34;65
-336;848
-960;-637
-259;-733
852;-515
-69;-102
417;914
-652;833
-467;345
363;611
-804;-726
-148;863
660;637
-362;955
-508;397
-882;708
-245;-109
-118;-65
-852;-828
-846;612
122;-909
-313;717
-324;912
566;-473
-654;650
196;-810
-961;-255
990;891
443;435
-525;-2
439;555
-179;-396
-338;-542
580;-187
424;-287
-286;672
-554;-922
-622;-650
-649;-747
-984;-675
692;119
-793;305
499;672
411;-433
-89;-77
-645;-921
-129;251
179;32
-961;-42
440;-568
-550;270
928;-348
973;-316
-194;-379
395;102
-716;130
960;320
865;141
-376;715
942;-764
157;477
556;852
-390;-191
718;78
-895;-320
-467;-564
794;-718
913;-598
955;191
-441;695
362;-586
-69;68
547;853
1;178
-815;-803
857;400
420;553
182;786
-444;-936
-377;832
-977;-82
28;-465
391;-628
-151;-179
699;-430
-434;418
-167;-256
616;-505
-981;407
896;791
642;938
-738;629
-682;-899
814;857
-444;115
757;-432
0;-623
423;-344
-699;223
-47;-689
376;517
73;690
-442;15
838;-552
-848;-487
175;547
588;750
-656;-503
241;-955
833;296
-139;-919
-46;433
-356;609
-30;-940
702;-489
112;619
36;991
143;-177
-117;103
-480;-768
-974;99
761;-600
-948;-264
-45;998
346;-547
153;-502
457;348
-557;415
-169;87
26;652
268;735
895;999
-56;197
-14;560
-935;40
-924;883
281;-760
-808;650
-653;39
-726;197
260;627
-967;-440
-473;195
-142;-527
405;759
895;-349
962;-591
-439;-821
914;146
-197;-953
985;-629
-381;-172
182;-352
466;-925
84;189
842;-852
-140;597
226;-875
-879;32
-354;-759
367;-360
-486;-626
99;872
-375;132
657;259
462;1000
405;-240
-353;277
96;-698
-805;946
-346;-690
-419;-526
-674;794
740;-298
-987;977
-959;968
-661;-17
-548;-373
784;-551
346;315
468;-486
736;-777
927;27
895;-704
894;-756
-224;682
789;109
-72;-774
-943;-85
100;362
-212;968
-719;-260
-983;-992
661;267
-948;-380
567;-313
634;-960
57;447
-49;-535
-788;97
504;183
30;961
701;-345
629;898
-644;993
-519;-8
-777;154
348;-972
917;606
27;864
837;563
-620;482
126;690
568;-588
-568;-47
316;-109
977;-560
232;-739
-137;271
-93;412
835;-122
174;-92
503;-426
992;-445
545;-898
38;183
178;-287
-248;-456
98;592
-184;-121
-26;458
539;394
-732;697
-206;303
-229;5
652;-232
-727;746
407;40
36;-256
-513;-368
-877;202
253;92
609;842
-618;409
786;-346
-607;690
-220;-870
119;-586
-655;825
-289;516
459;-254
-990;107
403;973
-10;822
-598;-816
-675;-413
-16;912
995;110
-341;888
777;-809
-163;317
988;312
572;-503
-324;534
-273;-226
-537;-528
891;936
-50;-48
-661;521
62;599
242;-693
924;754
-852;519
-998;5
274;113
916;-309
-835;-941
816;209
301;-318
-495;-753
-8;75
760;508
523;863
-479;-756
954;517
375;698
397;-932
722;-852
-191;544
-696;394
863;873
-758;551
-245;307
-520;-222
492;655
120;-62
-878;-853
120;486
-906;101
175;852
674;721
851;-221
-751;-252
400;-641
-677;847
-241;-432
976;-659
888;891
-12;41
259;343
-623;-30
-753;836
193;-456
161;-201
-858;563
-596;-241
-513;197
-620;-692
24;-263
-751;571
-342;-1000
161;709
504;830
929;-947
-283;-315
119;-834
-946;603
149;-708
993;-30
796;666
715;615
945;620
335;-321
-197;-322
972;47
408;814
-744;-105
-501;39
249;-23
833;-418
-237;252
943;516
-807;445
-475;937
-210;481
587;862
269;551
155;221
-347;431
764;59
-971;182
305;-2
-590;-758
-125;896
920;462
-735;-163
-775;377
452;137
742;966
-888;501
-616;411
186;181
-843;-180
-381;-414
595;519
383;509
-39;-662
471;-800
-513;-948
724;293
940;-658
516;986
-363;606
774;375
816;686
998;456
560;857
996;887
-772;644
715;200
-23;946
-934;-411
378;877
-491;668
-833;344
-719;107
-911;-351
643;-828
-360;-864
-468;-891
-274;-123
-550;66
161;-486
-274;-790
-662;472
902;-560
688;545
628;547
-948;124
-384;0
873;409
585;-254
-519;81
807;165
78;912
-995;329
388;-221
-391;562
545;562
674;421
-781;606
-976;-11
155;585
-794;-328
-686;-130
-457;656
633;-208
-637;777
434;961
-21;-723
-652;-817
-163;-960
-672;-721
827;-332
-156;928
-887;-621
529;541
-930;-416
-141;-965
629;-932
-739;-385
655;847
-490;-742
-299;-87
-448;468
-983;-189
585;226
-294;-14
-559;859
-998;-435
-429;634
84;627
904;695
-244;-902
-895;189
-850;940
-93;-679
260;247
-172;310
-657;162
-662;238
516;-458
838;-100
239;968
-659;-34
-571;-705
226;113
-623;518
-646;152
565;-535
-948;595
452;-367
458;911
-215;364
393;-308
-726;275
-695;432
-743;358
912;-6
967;819
-148;-851
560;-433
-861;-803
554;74
-927;919
779;-959
-931;498
903;-905
-93;365
555;-889
-536;-211
611;-544
424;-116
144;622
-382;605
44;-436
871;-197
-148;281
-829;-152
-389;547
768;-577
36;352
-264;770
882;119
-568;817
9;98
687;-205
595;-32
-154;399
696;751
-830;542
433;-516
-825;-930
-148;964
-92;266
-596;-6
-836;296
-902;-300
-371;-466
549;171
-442;335
651;-262
531;120
295;-985
-392;914
37;744
610;149
-2;-743
818;-910
-606;653
-404;-220
-529;538
361;-909
-102;95
963;867
87;559
79;-115
286;-853
932;-649
-303;885
-67;399
-65;-124
490;-833
-286;575
921;-806
296;-239
453;467
-682;601
366;-965
120;550
564;-914
-947;461
-824;-727
-727;-597
-4;-174
378;-670
883;-305
280;-436
74;927
-373;-444
414;-819
557;135
341;808
-763;983
501;-336
424;220
396;-495
640;-698
-714;733
595;-399
393;-493
117;252
-262;-136
804;-986
195;-113
-598;351
-165;-343
951;-897
-962;265
609;741
-496;-177
-738;136
-549;965
982;-859
-926;790
301;-802
-963;562
920;-134
-768;-492
478;-493
87;-984
-462;-112
432;731
-799;1000
-902;-659
-331;-111
186;-220
-477;441
801;-295
195;-242
254;715
-561;-328
37;-141
974;-162
-672;180
483;629
791;48
-92;-210
716;-889
-155;-367
-242;415
-907;574
652;-533
538;265
655;-690
-165;902
707;-593
-710;157
242;-28
-925;27
-638;670
-666;-498
213;-292
58;332
202;-728
101;-262
-971;98
654;-676
4;956
-860;-968
427;170
-229;-516
-97;-380
-737;161
-814;877
-308;328
495;-937
648;-502
-814;-540
-832;985
-724;459
990;710
752;-87
-201;572
-822;-248
-226;-936
-725;-13
-230;-198
-784;-981
-286;422
417;-731
625;-513
-881;338
-178;-469
-559;386
921;386
-450;550
-1;-236
894;-70
56;-360
-721;415
88;754
-587;641
650;-573
-151;834
454;-400
-377;331
-83;339
204;111
-907;-745
532;575
116;-155
-668;201
704;-836
341;162
25;260
-503;854
931;-662
-350;364
-148;-205
212;-801
546;1000
-900;-804
520;-654
162;-823
46;605
567;903
-225;-429
-710;-221
984;236
245;416
-139;-32
215;-177
861;-968
-147;-55
240;-423
-452;962
163;235
-416;-145
209;-820
333;359
-304;-140
-396;703
981;-305
240;-184
56;-597
857;-471
595;-783
550;-409
321;458
-701;-381
-948;-697
305;-461
-498;-137
810;-39
690;19
-535;-355
928;987
-45;-716
596;-197
-521;238
858;-995
-152;515
275;190
-826;165
-84;-908
464;-444
507;-803
899;-309
425;515
-598;-342
-908;-347
534;-202
530;7
368;670
-72;-833
-17;-347
-895;814
748;-932
689;63
68;-449
380;-99
-762;-329
-687;187
-886;-467
-687;909
519;-98
-311;-986
-505;661
665;-540
-943;-663
-606;-570
781;-505
183;-193
355;228
-47;762
63;332
952;876
734;443
903;823
390;-320
413;-163
-195;-92
-676;-34
-93;-20
108;-21
409;763
849;217
-82;483
318;-15
-198;906
118;340
431;-511
289;-568
323;84
-182;951
-237;-391
492;413
81;752
69;-751
119;548
-503;-260
-565;891
-184;218
-275;644
-870;-453
-860;904
349;-353
-956;995
240;282
-341;-57
-255;865
-350;260
-935;365
554;-160
-145;-342
24;-835
-530;-417
-669;577
114;4
780;807
-904;928
-733;-311
537;480
820;707
-152;-174
-425;-1
91;638
-693;-693
455;212
540;989
-183;-711
540;-317
142;119
-926;-557
818;416
-339;-445
-131;-422
-501;53
494;287
238;19
-183;-614
-148;79
799;-914
-187;752
337;-982
-604;285
-195;-489
231;-70
372;-913
260;-992
591;-509
-591;144
885;866
-468;-980
-194;822
549;534
791;-598
479;-620
13;18
-735;-192
-108;-808
-549;-300
825;-532
852;254
136;61
-849;173
-5;-535
27;-797
554;-17
-554;-188
644;-943
-513;286
784;557
595;-481
843;-522
903;812
46;-698
-864;75
-250;264
-61;-828
-619;-102
-753;595
-677;-940
428;-113
741;-674
-466;848
-50;679
370;-527
869;-642
37;-948
150;-858
853;-566
323;390
367;422
228;-376
662;-878
-303;-969
493;-743
274;677
644;-350
-977;924
-739;-275
829;40
-855;-259
-768;932
194;-485
-82;878
599;-558
-754;-362
871;-552
935;-861
-413;850
448;-855
-862;-681
580;943
175;137
996;159
760;-40
348;21
988;320
872;184
173;-651
-713;460
-291;817
-242;-424
994;-546
18;777
-237;980
272;-53
-4;280
-809;-69
450;775
-409;764
323;669
870;-474
884;-258
-489;-786
-972;251
-352;939
317;62
-137;270
353;812
286;-500
-357;-319
-258;-821
-60;867
-826;645
-308;794
117;-871
-527;-686
288;514
305;-893
27;-957
174;-352
996;473
880;-396
999;-769
-80;152
-145;217
996;-727
-632;828
-384;-981
-749;677
-920;964
570;703
-395;503
-170;563
-616;-47
-482;862
330;-477
-178;-754
511;-667
-744;145
307;-683
-551;-999
228;-837
-794;697
663;-307
579;483
-844;-467
-660;628
-108;618
-300;-383
-443;-700
-270;-697
-639;982
636;156
288;592
956;-553
955;-702
-331;-741
-500;981
436;197
-89;-50
242;-998
-118;-723
-700;433
-70;446
424;281
-374;-326
-547;-908
192;-895
-887;342
136;390
720;-399
-97;-602
-927;135
-424;-489
349;172
614;-396
-919;221
716;-822
-570;534
-102;956
593;-593
-235;-397
-390;-166
768;-516
-596;-516
-638;-326
621;783
183;257
283;632
798;-312
-244;-14
465;331
-907;81
-892;331
-4;-183
-769;-567
112;734
302;-229
-5;153
941;738
-791;689
-168;-300
875;728
55;-531
362;32
24;-263
-752;73
-372;-919
203;915
644;695
645;86
92;-897
-74;-486
-889;-176
53;-575
426;-832
-857;-229
-488;-111
-583;-7
-88;-841
38;152
-798;839
413;716
276;-247
311;-302
-461;754
230;860
-222;-571
-923;-612
868;-978
849;152
435;-362
-149;854
290;-518
401;781
-905;862
980;805
-285;-558
-80;646
-432;-510
253;-723
-544;760
-879;-338
598;725
-707;210
-925;255
34;-406
106;-767
365;360
277;-584
8;-298
377;-647
362;512
99;-170
49;-998
-787;-57
-29;709
770;208
-594;739
707;-642
815;-15
272;33
228;353
730;680
-973;-885
101;-372
314;597
-399;-534
-181;645
529;952
-247;-998
92;515
-630;227
112;-886
-10;83
-366;209
-320;583
20;529
81;57
590;-905
14;861
-169;301
-246;43
-194;316
200;-697
276;-124
596;-681
-489;-101
-316;721
591;281
-803;-441
-74;-362
457;-903
-19;210
-425;-430
813;607
916;746
694;-583
720;-604
-409;761
926;-436
-350;-254
-143;350
-815;613
-199;611
-758;-268
46;438
137;-645
821;514
277;-440
-59;516
-78;-28
492;-841
-648;-810
-604;-674
-664;-799
-117;645
-149;-773
-210;-795
408;693
928;79
-636;-676
-958;-626
336;-474
863;-861
-323;-904
220;586
-479;225
-518;-317
695;-402
-104;23
916;-199
713;-410
-283;356
225;-482
975;174
776;50
288;455
-391;65
988;604
-732;-807
274;-998
-932;171
-798;-357
782;-721
734;713
-584;-566
-502;251
314;645
878;-674
911;-266
228;-983
-393;854
569;483
-782;-926
69;-40
647;-245
-745;269
-540;-326
-411;192
-608;-678
305;467
892;619
172;722
346;-342
348;-751
-559;827
377;-462
-954;66
873;-691
-307;100
-410;416
-268;-906
-299;-737
-213;29
798;964
-166;-526
594;-882
449;-510
689;-732
-569;799
-748;509
641;-598
842;-470
-515;-350
-571;-776
266;-100
-584;-205
774;543
-960;894
-931;-465
-600;-994
-10;-910
-97;917
-561;252
936;436
524;-869
381;-950
-183;-32
531;-361
558;643
47;-470
452;-156
-157;154
32;-843
268;-570
19;-876
-641;-653
-655;459
-13;-937
-826;-652
-579;-168
767;353
388;-779
-954;-996
91;737
467;362
313;-377
-436;705
280;638
692;-351
-169;-50
-200;415
928;-387
720;932
829;790
-413;-633
-160;-931
681;-512
61;-499
-734;826
868;-947
300;887
822;37
203;-522
-653;-886
-182;175
-139;395
-867;-717
726;-399
431;375
349;357
718;-457
-847;316
-245;308
211;-760
-976;-552
-631;-677
924;-188
-267;318
625;-7
-11;-310
835;-289
138;-470
186;-45
283;-252
365;297
557;932
-70;-553
-48;-871
529;-611
587;177
-582;-446
664;14
926;525
-653;707
-654;-994
482;-870
-224;859
-468;113
-454;-609
192;122
-369;128
201;-357
362;761
678;-20
-739;788
-593;790
861;718
-918;-379
785;391
96;-14
-797;-527
-396;-141
360;-745
-383;-713
478;-817
160;992
-755;-454
467;-811
-129;-819
-325;561
680;801
640;-726
-35;-409
-782;-210
970;834
-664;237
595;837
-202;683
-900;-707
849;-589
-199;-575
-630;-150
-64;-876
179;154
-19;560
945;304
750;25
-514;81
-961;-659
-39;-777
810;-769
532;-578
80;-65
-571;-981
158;59
-836;158
39;-698
-724;614
-396;-797
-101;-210
613;86
421;-121
-242;423
604;-308
780;273
-272;474
-838;-123
170;583
17;332
435;-997
-738;-356
-699;620
-581;-688
150;-572
16;-625
-327;-867
-213;488
604;522
95;671
-876;111
277;847
340;-446
-142;570
-546;-755
-444;510
940;-855
457;646
-231;-532
504;-184
-798;586
62;994
281;-103
-795;-243
31;30
318;-517
997;-319
-153;-69
-836;-504
-942;-267
-712;717
-753;-6
-151;-128
240;977
14;-869
762;403
484;453
174;-329
701;889
-999;-376
949;852
-989;213
-267;-62
916;17
-220;686
-225;165
-196;547
-703;395
718;976
490;-736
-591;107
677;512
623;123
-85;957
-420;418
-139;-547
888;13
-800;-831
266;391
971;-517
751;397
-544;411
-400;988
-409;909
-497;987
-372;-167
626;821
897;-339
-653;-337
-864;301
-732;-289
537;-39
-113;787
135;-296
-242;-762
-277;-197
-436;-522
-30;-587
277;858
375;-543
-775;-720
184;-67
-93;862
829;-903
410;-891
986;-185
393;5
981;298
768;-76
888;110
293;-14
539;-603
602;-104
619;728
-667;188
-507;641
555;-654
82;225
895;405
796;544
543;-134
467;-607
154;505
308;477
677;673
-246;413
223;216
-758;-500
-631;328
-484;632
497;-476
-124;386
899;313
-347;129
-258;-401
-422;802
-319;-880
-524;446
-987;-64
-567;-555
-608;-185
119;543
475;-197
-576;109
186;932
-742;-230
797;546
845;-382
320;-344
289;-242
-923;-294
-79;-561
712;-263
-784;-537
706;983
-762;-860
-470;-324
224;-495
539;-602
-904;873
842;-281
-456;110
-848;271
-1;97
-25;-585
-255;200
633;365
-734;549
-781;-125
837;150
32;642
-918;-481
-33;-334
-899;-183
-65;-182
-865;787
-473;164
796;-751
-981;-280
-651;525
926;-309
12;132
-229;752
155;-813
-957;-881
-917;687
-155;-398
-163;-590
-606;-208
68;170
436;219
536;-377
-256;-216
-546;509
192;110
-727;-271
730;740
-72;194
-833;656
490;931
599;-189
-14;746
-767;766
-784;514
828;10
724;100
588;922
-18;-623
163;-760
-457;-681
-650;315
-155;-889
-605;-761
529;-912
541;854
-297;-125
-779;903
620;106
781;288
-455;-567
-180;-379
468;322
-339;383
315;227
-983;-682
968;81
872;-115
-794;837
941;864
44;663
250;642
-483;-63
518;-67
844;-785
-874;697
-441;540
843;201
-598;952
-533;-440
284;-264
-796;354
418;924
-900;842
-356;-498
-73;724
836;796
0;-443
305;993
149;-650
118;637
-113;898
-685;219
495;702
-169;-260
-95;759
-531;-713
-877;43
-113;-858
301;-24
-221;-6
-906;-774
-257;875
231;828
233;625
-125;-407
-564;484
-103;746
644;271
788;-378
-617;417
-655;-539
442;256
944;95
245;403
-455;69
851;671
43;357
-130;665
548;-298
-798;15
707;188
340;866
-934;-562
291;-310
-20;-814
-774;-554
-930;782
-459;471
-652;264
236;936
-437;932
-127;-648
556;400
474;-434
-174;508
-520;83
195;-145
818;974
195;301
-103;-945
787;-958
-418;-257
-884;513
259;-872
281;-937
-906;-586
57;-736
1;-519
-384;307
671;897
489;84
150;767
-52;560
397;540
-961;-163
-939;-502
80;177
4;333
725;514
448;-340
469;-593
524;333
166;465
989;-72
766;-213
-87;-564
4;400
980;-133
-154;27
-25;859
-532;-574
240;722
405;20
433;-653
-545;254
-433;148
-971;893
901;-522
208;997
-765;880
-26;705
691;266
-753;-746
-894;127
333;-738
-529;-237
-799;939
498;-844
-692;18
-621;-653
-674;830
-410;-456
-66;-931
722;212
-318;-996
202;-896
974;-530
-557;-116
-25;462
-692;-619
283;894
-934;21
-176;792
-389;-784
-987;-344
-843;-854
973;-516
-660;-152
-599;7
-798;-226
126;-340
407;692
-882;502
163;-843
-66;-248
-375;348
-938;659
-82;409
-796;-417
-446;-213
108;568
939;420
498;876
-870;949
-439;-181
-138;-247
509;746
501;-659
891;-700
487;104
638;929
870;-674
708;-268
-750;507
839;-825
439;-48
-330;181
-604;392
-31;224
-856;-907
-612;-578
755;231
272;332
155;-712
662;625
793;-485
-83;944
-475;-595
861;961
724;-782
777;-562
564;644
-716;-659
519;-654
-938;155
-49;149
761;-375
380;-782
-725;-548
-552;733
197;-472
-646;-237
800;-958
447;-895
-531;519
-798;-863
909;-212
969;690
-581;-537
798;-427
-294;-796
-553;919
-168;-478
2;952
-839;-361
-381;749
-546;-766
97;873
-594;108
-652;-736
-866;227
288;-955
-384;429
862;-18
1;-646
674;432
-823;522
-938;-249
-992;910
287;-205
680;917
-724;-116
-634;143
-45;714
11;604
-763;-951
-992;556
792;964
-831;707
-238;-581
-364;663
-871;-790
240;315
-245;-368
-750;358
-353;972
-21;-482
148;-380
-814;-835
-355;-938
862;580
109;-107
-689;-845
730;-684
-947;905
-443;619
200;627
-948;698
-245;109
873;929
-477;327
571;-792
238;-379
-706;181
-54;905
958;-657
-812;318
-563;-995
-93;829
305;932
-967;-48
-259;39
-864;437
-489;-909
-594;-82
900;-704
-541;482
-90;790
-777;364
-341;996
-788;977
-490;198
978;-884
103;-399
717;-743
-744;291
-397;69
516;200
-453;363
-929;-399
265;-325
601;-254
763;290
884;279
-84;-396
53;658
803;-692
-794;456
445;-32
-55;838
-257;307
-879;-864
805;-882
-754;185
733;393
883;959
-486;-331
221;-231
-686;-14
291;-373
108;-452
-335;593
-662;227
-895;629
55;-350
272;-409
-754;302
677;-891
784;-185
-697;127
163;-703
-187;-66
428;-256
-936;655
224;-80
467;-989
-299;-564
-841;-952
782;330
-332;-630
579;-290
723;807
-370;-509
964;135
413;-617
330;-261
-790;-95
90;375
183;324
-772;721
853;-772
-388;849
12;865
-70;-306
658;-368
-125;945
58;-757
0;452
-393;132
-406;879
862;-3
761;-222
375;-621
865;188
89;931
-155;-887
-579;847
-251;552
183;-333
846;355
835;520
927;-13
-459;-969
141;681
796;528
668;-905
677;588
-985;-562
266;821
613;-608
-541;253
199;-620
82;258
14;533
477;-971
381;-555
-378;-122
39;-653
-351;675
589;-135
-719;-593
807;-413
464;-338
-340;-269
533;-162
-486;864
678;-993
-362;-352
-453;-212
939;-262
-24;-995
593;-703
-162;-655
-191;147
315;-384
71;232
213;105
792;548
663;-898
-267;719
415;615
-844;-943
-937;669
72;-294
612;-43
-22;625
496;-949
-416;568
-595;-420
87;-336
-184;-261
-12;-877
167;810
203;208
338;-724
-57;-649
469;-894
392;967
514;-589
965;138
-828;-425
-785;81
-711;392
221;255
242;519
572;-156
830;153
515;-752
68;408
-865;535
995;264
-556;604
-829;143
-912;-727
-818;348
143;-555
105;183
405;-844
880;459
415;443
256;-823
-304;299
-412;-262
606;386
145;646
957;-510
770;352
-660;463
448;-170
-540;991
995;158
673;-578
136;-386
556;805
-118;796
331;60
-617;-603
-464;933
762;282
355;-54
-262;779
764;560
309;877
46;-60
754;455
778;-543
-350;-776
662;386
453;-655
-380;32
-427;-327
491;-566
507;-534
-414;-236
552;-537
-926;-288
-701;742
-797;520
-313;-377
-68;-675
-743;-65
932;-11
-607;650
-690;737
-253;-857
-97;406
-807;-587
824;564
250;-609
-567;-165
-258;-711
364;422
428;297
325;443
556;-975
4;-320
-341;-672
-575;740
-811;2
-607;317
-580;388
630;-528
893;573
227;-11
-753;870
-803;-495
-795;460
397;707
169;-822
-223;60
944;-61
-41;713
795;409
-721;-89
359;-944
369;-311
654;-629
-998;505
595;-400
211;930
218;242
853;-818
501;155
-943;-219
-164;205
-644;245
506;-664
-125;164
-921;-861
759;355
526;-810
865;-121
706;514
402;-190
660;29
-76;442
343;494
-909;-51
322;151
-668;-276
-96;1000
381;-559
321;514
14;773
345;488
108;-892
-902;922
968;872
155;-745
-863;-190
-261;238
492;-868
-785;432
-449;-625
-673;-181
833;834
-470;-925
-210;-672
-664;-2
-152;-803
734;-483
832;795
-124;3
395;-616
802;-52
665;619
303;-508
329;-707
-59;963
553;-152
-24;-667
565;514
-884;541
-126;282
583;880
358;-674
372;788
882;-643
533;846
250;75
-502;-46
-563;401
-467;-987
305;-760
725;-770
681;-497
633;159
674;361
19;320
-261;296
-534;-27
668;-199
30;-908
647;370
59;213
-755;-211
-552;912
-538;-979
-32;23
416;-100
-108;829
572;-519
-447;424
-308;305
-577;276
146;-907
-417;291
281;-397
-91;-699
853;947
-374;218
-251;699
788;705
-504;-126
-888;-197
-367;-587
-790;-113
651;200
-575;514
-320;608
501;-655
-675;650
-138;24
35;335
375;978
11;891
-444;942
-943;-397
999;-728
-106;244
487;-935
-499;-635
552;373
948;132
-835;-415
498;-522
-392;-297
530;895
-156;-324
934;667
254;-959
-453;-95
-211;486
-399;-822
398;453
433;-734
954;36
124;-435
-511;-779
836;-669
-393;335
920;-501
407;704
-21;81
-171;699
-831;-298
762;754
-998;810
812;-166
605;239
870;-760
589;-46
-613;417
349;332
362;993
-614;900
125;-848
-145;62
929;-629
808;-396
-228;195
-132;-488
533;652
504;951
-285;-949
-427;-511
449;-437
395;382
-58;81
-546;114
-752;294
-662;769
585;-878
760;166
-986;717
-105;504
249;-358
291;-270
-697;-610
-775;668
198;11
-438;791
388;-689
-605;-200
763;-121
-372;138
601;-1000
-406;245
669;368
936;306
763;370
437;310
-552;-22
591;669
111;484
173;530
376;700
-102;-755
439;185
-483;-782
-74;483
384;-219
487;576
-791;855
-76;666
-213;228
78;-841
-479;-329
-184;99
534;376
213;174
140;680
-894;98
-564;-668
397;-905
-214;-908
361;44
-433;-654
-609;-177
244;170
-916;266
148;685
-378;-523
-52;-598
732;734
78;488
482;938
289;144
-141;58
599;-273
664;-821
-480;201
83;575
203;538
445;696
836;633
-745;-628
362;-414
-581;-274
-131;214
757;-605
-556;-734
138;892
814;480
122;-609
-467;702
-824;-321
-580;-187
680;-133
-86;800
-421;487
-272;250
152;-668
-678;466
239;518
-493;-350
658;-754
231;-357
186;-655
-575;251
972;39
-472;644
540;-709
-574;799
811;239
-568;554
-905;825
59;-540
-107;930
-491;582
612;-206
801;607
-219;-888
379;454
29;-602
-88;-939
373;561
-626;556
136;903
-290;-744
646;30
538;-172
-398;-646
-535;-515
682;248
334;-926
-419;-511
408;-450
139;134
-294;-179
929;431
-240;872
812;760
252;-998
-756;-812
74;583
267;-223
580;929
36;-355
-448;326
-836;284
381;-816
-836;-202
-78;4
-582;999
-640;-946
-795;824
872;308
518;-210
742;-793
-694;706
-463;-733
316;665
-288;206
315;-156
-67;638
199;-946
121;655
-380;-576
-978;348
601;412
-974;-877
-819;-680
-832;136
-257;-850
-518;-739
-137;-952
-146;234
-966;355
-699;540
-245;187
-232;786
36;660
-866;-866
-558;-373
889;-716
-817;-907
-705;-974
-754;507
321;744
358;180
-769;-726
209;-605
-977;141
257;-492
266;-825
-546;-755
-423;-505
97;391
665;-313
191;-959
-623;-559
404;-192
638;-28
-23;460
-781;960
600;831
-767;938
-993;-424
292;322
555;-799
91;-398
4;-375
-685;-359
-578;-259
-310;298
260;621
-232;-511
429;-25
-333;-125
156;728
-361;430
577;-417
449;382
-343;-659
363;-919
200;518
-880;-164
-834;466
94;200
341;621
-510;218
-335;451
-519;7
-1000;-440
-317;222
67;867
-42;845
-869;215
-605;-823
-771;230
-890;197
-829;-361
459;757
39;-606
514;-349
-882;-894
707;764
226;831
441;-748
-999;-807
-13;-687
-476;937
240;820
-31;845
-356;107
784;-62
360;726
-263;618
-348;-274
-772;691
933;-619
585;866
75;965
-297;-460
-510;-938
204;-477
-884;-632
-650;603
-39;5
-842;-127
-294;47
-610;-104
571;575
598;143
653;661
981;226
480;827
-423;954
815;-754
140;823
952;-827
-656;937
124;562
267;486
-478;-423
-438;835
477;-861
-312;-593
-621;-85
790;825
-161;134
714;511
237;316
887;-202
269;819
-868;-918
547;-528
585;-937
-623;124
589;461
-619;-270
949;-632
-429;-244
432;568
-510;-23
311;-951
586;-602
988;-944
-314;-483
-904;433
-362;157
818;-936
316;-927
-59;296
-439;892
-426;-784
338;8
524;49
500;757
-991;97
630;-342
-986;268
916;-177
960;355
573;-343
-546;-448
-369;-654
973;579
448;-680
157;526
-827;-242
15;392
-353;656
380;-133
420;229
635;-250
555;687
21;170
-120;771
-300;-837
-826;-449
265;-221
-454;152
451;847
565;55
667;-607
670;658
457;-218
126;699
173;-150
554;-41
-530;-118
-15;-323
321;-655
-11;169
506;831
345;-263
-121;-884
-40;612
61;744
-450;407
700;-131
-729;887
328;481
355;270
-639;855
936;968
229;-103
-676;-937
-329;87
885;903
-561;155
176;-349
930;962
-180;928
71;250
-18;-904
982;-709
-694;823
811;-658
-367;853
287;-93
298;-588
-212;929
599;-912
-385;155
-725;220
56;-291
644;-673
891;-729
-734;-710
227;-523
987;-882
-433;-21
-785;-752
529;-698
173;-844
-983;-240
-813;739
627;217
-461;637
915;165
135;-45
-165;924
449;162
-754;-800
-24;-640
23;114
637;976
-267;285
133;-363
667;-273
-386;240
-507;638
-977;-953
189;-101
788;840
880;674
-985;690
-352;805
-208;332
570;677
578;-955
-256;620
372;-605
-218;-324
239;755
-744;947
237;18
-559;110
932;-27
601;-600
648;488
-111;339
171;374
-503;-144
-856;62
-728;222
878;344
-114;-263
474;-784
-554;-705
-43;912
613;846
116;628
-831;545
745;103
-929;-179
-695;187
936;-275
707;848
69;-418
-263;742
6;-669
808;296
382;246
253;-702
979;-973
-160;-853
349;154
-521;932
-760;-92
215;281
863;-498
-659;673
-443;-719
-742;425
201;-959
-565;173
209;331
868;901
122;64
-198;340
-505;138
186;-433
-522;-93
142;-544
-396;530
700;-757
-1;-658
-695;-161
-695;791
458;725
-713;-455
-184;-661
-665;-136
474;-30
-21;584
-473;-536
-796;-79
-805;581
-884;199
-268;487
997;-465
-508;964
-327;77
-915;51
180;-542
770;686
-741;-197
-351;404
-93;388
-638;322
-396;37
822;482
-99;-436
968;-943
-909;855
542;726
430;491
-747;-463
-427;-60
629;-923
997;-731
-353;-611
-307;677
-988;-857
872;390
-979;565
-666;3
-934;114
826;907
-448;-401
-760;-751
622;-17
-799;-669
-174;-589
-182;-167
-281;800
-279;401
70;261
-126;-575
-562;-790
306;910
187;802
-242;-871
-911;-718
289;153
-879;-434
970;28
827;947
-613;189
-176;-925
576;686
-957;227
-981;685
-780;246
802;32
-170;-33
64;-654
336;-630
-397;-215
382;-107
-509;-880
-713;-740
898;-796
204;-713
444;-935
-55;74
193;196
-751;880
104;-113
-931;-44
-136;-520
569;745
-432;-965
990;-336
268;664
-288;-670
-360;481
-239;-402
284;-111
752;129
326;-638
753;-975
-959;-582
-702;-942
18;-163
-432;-338
-953;-928
716;-747
785;20
829;-579
-335;-293
-378;-114
103;-365
159;937
-279;683
-647;-848
901;-479
613;681
596;400
127;-996
-856;-494
-604;-430
-163;-473
-703;-624
-27;690
884;-715
154;970
-562;66
-293;-177
763;413
713;-152
-521;-893
273;-787
124;-47
150;282
854;-719
-772;-111
-704;-647
974;211
449;-490
778;715
-115;-681
-171;669
-309;177
-646;806
410;897
-330;-886
-625;722
-383;894
791;839
236;-346
510;-170
917;845
837;-224
-716;349
907;381
-929;-858
827;687
-544;960
-407;194
-445;-79
-865;-675
-527;255
660;-769
468;700
-619;782
-706;-783
572;-231
326;-150
978;866
-969;-866
26;982
356;-336
-825;565
233;940
-827;850
-160;158
-267;137
-456;21
362;604
788;236
-903;-143
-822;38
819;-542
-732;482
-459;-242
350;-628
-247;580
-215;265
-167;58
-253;-614
-306;998
93;-724
-10;-939
535;418
702;0
-408;13
412;-942
-898;-210
96;559
785;-407
475;-968
36;-682
279;956
-207;-863
578;-578
341;186
928;600
-272;-371
-606;-607
-725;8
177;-632
651;50
506;29
599;672
982;685
-689;-452
-178;815
-970;329
165;65
508;150
-746;147
-992;-301
930;-710
56;598
-51;-29
-310;-437
-479;-21
966;-282
222;928
65;-462
-737;983
343;888
-475;-666
783;-302
554;926
-922;-917
444;945
-33;-99
302;-927
546;150
-340;-79
944;-868
949;729
957;501
71;-87
-632;-866
-250;343
-941;601
576;530
650;-2
182;969
383;-470
-383;58
-853;966
-749;782
712;-601
-252;-536
-605;-292
-984;-884
504;401
408;833
-814;732
-226;979
964;-757
-588;-892
126;664
-715;-262
790;-330
-942;419
-268;-419
29;-408
-593;722
-621;582
-495;245
650;868
98;810
297;108
871;-561
766;53
-519;938
-907;-755
-450;-267
37;-223
-213;405
-310;-481
-873;-896
-629;636
88;-740
119;-787
-742;707
628;160
-871;-906
338;-307
52;-618
-414;-148
-509;679
743;912
540;-789
827;376
534;585
-699;-36
186;-455
583;876
-628;426
-873;-863
283;987
640;-865
-110;654
259;-288
139;466
790;-614
132;-506
37;514
725;-939
-407;-692
-301;769
97;566
996;-329
-42;-51
-354;-535
-548;601
397;545
-680;741
204;-796
37;-370
-711;-421
404;-615
821;391
-572;535
-972;-653
-796;285
724;816
488;-352
904;-488
605;-893
784;478
-293;-485
436;895
-329;-176
-496;-776
992;684
760;-383
125;-471
976;402
272;-949
228;-618
-353;167
438;-635
226;-748
25;898
-527;-999
501;421
693;-300
984;605
619;120
-359;337
425;-338
34;589
543;927
-915;-168
-948;828
794;-970
824;77
708;-509
-74;-701
-530;326
780;809
-87;-885
-681;577
16;553
410;-857
-480;693
846;-988
427;-507
-712;866
-926;-695
-230;-321
-644;179
-664;911
758;-500
-873;625
-79;-745
708;966
957;802
-543;549
931;574
850;171
322;-448
-977;6
-685;-839
422;191
-993;-162
565;-347
861;-773
-254;-661
866;-73
94;30
-113;-454
-804;272
305;-13
-998;-292
-909;-520
502;-842
433;-706
95;157
999;412
-691;-901
-914;-650
403;452
319;-30
322;95
767;132
400;126
920;-917
390;944
546;-968
-447;-107
-658;-652
875;392
-509;-278
32;-302
-822;-508
494;1000
-322;415
-896;25
749;-291
781;-5
840;-232
21;250
72;-717
-1;-397
979;-126
-622;-784
-926;-774
782;-190
-908;-939
380;963
-719;386
-477;940
954;-184
-308;-760
812;-256
-978;295
571;663
-939;-311
-772;-707
-991;644
716;145
332;867
137;-945
-132;394
-310;120
552;-790
-371;602
-723;130
-413;-989
740;436
-498;259
-960;-984
373;-431
-436;864
-543;865
-500;533
163;236
876;-776
-896;901
780;-688
-504;211
-191;-676
-338;-146
450;918
478;-533
215;-803
-116;-196
548;673
-643;742
-806;381
143;450
98;-867
-296;392
906;759
-52;-818
-572;490
-806;659
269;765
-653;989
-632;-9
-181;588
-98;-924
115;-480
-592;-119
33;134
-853;554
395;-415
-417;-443
735;-483
-745;-467
228;-364
-919;801
-637;-449
943;372
-848;-99
-273;-6
626;-893
-806;313
681;464
-101;-702
-468;-667
961;933
994;616
453;771
878;86
-798;-786
-604;-203
465;-963
201;-226
-191;-384
758;396
-646;-957
-724;348
825;228
-525;823
219;-421
407;-921
167;-908
-279;-127
-229;-693
606;-792
-720;728
674;137
-530;835
-838;473
605;-323
837;879
747;-908
-668;763
-263;636
-518;-324
33;-447
357;-718
-608;-938
80;785
-632;-498
4;-396
-496;144
-40;-408
677;-783
9;456
-30;-530
-914;566
-507;306
729;-598
-219;265
-914;239
-834;405
504;671
-59;-247
407;-253
-306;-131
81;98
804;967
494;-204
-271;-33
310;188
908;730
709;267
-618;263
-303;-653
-863;-373
70;625
15;-249
-223;-608
480;-648
54;-620
-492;-429
-114;-610
-236;-279
848;-555
882;1000
718;379
-116;-789
846;722
-379;765
-569;-550
897;-252
-545;-693
659;765
125;621
-225;-694
-219;302
-848;902
495;261
376;-902
407;-424
-801;772
-411;424
-353;-107
-390;104
237;835
442;189
-555;19
-130;-66
-237;-624
-863;-90
-781;-119
954;-278
878;233
-101;279
-654;-925
452;-311
900;840
382;-159
-318;693
867;158
695;-880
349;965
761;-7
-706;-74
452;-205
303;-923
-774;692
-221;15
-585;67
981;-56
-113;531
628;925
994;388
-159;-757
-130;364
-74;-6
641;71
331;122
-494;-399
428;623
63;289
412;-776
382;298
950;-901
-364;-425
-262;681
912;-855
-949;-605
733;-807
974;-509
836;-938
-503;-724
-564;996
399;-742
-113;473
-364;535
926;983
996;-826
-152;807
-319;649
-569;360
114;41
-221;249
-109;-182
104;-501
-169;343
-788;-962
-527;854
-351;-599
573;-646
-459;-820
-861;-172
965;940
936;814
-913;-46
349;736
890;-40
815;705
238;823
989;-484
-899;-243
177;286
968;546
-649;-6
-513;499
267;-9
587;746
-474;929
-471;-28
102;-809
-358;612
-290;167
922;955
110;137
641;-398
24;-633
-214;837
807;747
976;168
-926;266
247;-953
8;102
751;-486
-700;977
165;653
-798;-448
-19;38
-387;-539
749;-875
541;-964
-638;926
549;-339
38;995
-982;798
233;946
-766;120
-730;-944
291;-534
-265;994
-208;194
717;958
98;-558
-431;-100
751;-322
166;307
-200;479
-871;45
-668;-922
567;-652
-783;89
-891;-641
-879;-923
328;-149
-757;769
-484;921
662;-123
-221;766
-487;479
-149;846
-450;97
-610;671
403;32
-872;-53
623;256
-800;63
-84;993
971;-15
-713;-551
838;-668
-639;-101
-867;157
-467;428
-240;-502
677;-45
346;411
370;-806
663;-365
-490;-644
-11;503
-756;-296
208;-340
-652;-246
-425;357
233;-738
-527;664
330;440
-873;586
423;-138
-617;-429
72;-97
261;443
-175;-802
-758;-704
306;-87
-75;177
68;253
-610;829
-314;308
553;448
381;368
735;-786
-565;-56
-422;859
-916;183
725;-145
217;-830
-486;-179
380;809
51;-717
-129;-815
574;-668
-790;994
-195;53
-620;668
-659;-944
-257;-759
-208;465
214;-467
285;653
-414;454
-709;-142
876;-882
-365;-236
164;-875
-849;-634
256;656
466;514
852;-695
632;-458
-904;-76
517;-225
-84;-712
539;-950
925;919
-352;-329
116;6
-778;-868
186;712
788;983
-136;164
-118;765
498;521
679;-953
-883;-345
580;-906
623;-764
-307;-452
-996;-387
-457;744
796;204
-749;-863
126;-196
-523;15
620;-99
-948;967
-147;-713
856;-283
326;-925
-974;-816
-174;15
810;-298
-746;38
727;989
-733;426
544;-788
173;843
-899;664
760;538
-754;-386
211;-830
457;750
-79;584
882;-897
-622;420
822;451
892;-657
-398;-577
139;363
358;342
-284;241
-867;-434
-42;98
966;-554
-397;-292
-283;641
-675;-178
-480;629
-401;348
-267;340
101;-649
-66;723
313;251
759;64
-785;-561
-633;753
25;275
436;271
911;430
-89;-102
-354;355
835;-960
-228;-278
210;-469
835;-577
-696;-493
611;933
805;893
701;507
906;-709
424;-736
280;820
793;579
-147;954
-760;683
703;187
359;13
454;-341
-555;-716
-311;709
995;-196
830;338
163;-54
-44;421
144;-363
951;-683
-655;-706
-150;806
-956;-929
-308;-584
-141;984
-201;-870
415;30
127;-774
-575;57
-335;283
-588;966
712;283
452;-51
-785;-282
965;-841
-434;-853
-114;-348
18;596
845;466
431;375
-392;796
111;501
587;593
597;54
-283;648
-394;-445
83;87
-269;719
268;48
-811;733
-292;-35
-823;-94
-894;749
-395;982
-147;-367
322;-688
-936;839
-557;-851
-667;534
-495;888
728;423
889;-395
988;-460
308;619
688;-214
393;-207
545;-288
98;397
93;0
-167;294
133;284
-982;763
829;-828
-750;-111
-208;847
403;-520
464;-588
-414;328
229;-507
-234;496
-268;-754
200;-400
384;-945
-477;-593
-664;294
-259;-624
-419;-906
883;416
691;34
-824;-303
-297;921
708;398
-76;-497
-851;568
-750;469
-197;833
-965;-52
477;-2
-642;-83
932;-463
-438;-642
148;-36
984;826
332;960
205;540
-929;-515
710;-57
570;-324
23;994
294;87
-368;-834
238;-864
574;-543
890;478
-891;451
-169;356
-62;110
-675;-623
390;219
-72;-889
67;393
-557;11
835;579
555;-931
-137;811
295;615
-461;-487
160;539
-435;-859
-656;123
883;-111
-765;-704
959;-753
563;-760
928;333
220;-88
705;-549
666;-231
-974;-172
165;85
-907;538
-93;911
-300;-800
-790;383
396;437
-107;458
-669;-385
-232;-889
343;962
662;396
-911;604
-998;-552
-320;-419
476;830
-243;-348
-391;-170
667;-258
314;-402
656;751
452;-205
72;794
551;-263
264;-400
-248;757
-647;138
-811;-277
-667;-246
497;-407
66;-100
672;485
185;687
-129;820
-817;922
-8;-549
-612;138
245;202
-401;-323
-71;-439
-808;-602
-387;961
716;396
951;75
801;44
-906;494
-768;-232
819;-524
-748;-429
415;459
-941;-713
-193;-895
-879;809
315;-427
141;-884
-802;-957
-767;-286
-424;-231
-630;959
822;228
130;-841
635;454
-748;-707
140;860
-734;342
-676;405
993;969
-42;417
748;-194
138;604
813;-667
-182;337
475;333
496;247
836;-478
-513;108
112;444
-836;682
-907;-196
-652;922
-290;-163
258;-161
-517;-327
822;123
376;-278
-466;-170
451;-153
-749;-843
-550;40
588;-211
910;424
922;744
178;-511
-605;492
93;341
469;876
54;505
-712;-493
722;998
-942;876
693;-815
-853;95
253;-609
360;950
-337;-278
-330;-400
-712;208
829;619
-342;5
867;-352
114;376
616;935
-85;-997
339;874
-57;-813
-954;473
-522;-315
-836;-80
148;51
-148;-891
472;-825
-883;974
197;-272
-558;-286
-594;565
722;523
-609;453
-130;350
497;-331
-275;-934
-499;-966
757;-51
116;435
68;-666
-409;276
-144;-41
-25;170
429;991
594;187
756;713
-603;-902
16;886
298;947
385;754
-674;774
753;160
884;-638
-754;-439
702;689
-616;-223
469;-143
-161;-351
-847;557
217;-480
329;-241
-447;910
308;-560
810;-886
392;748
485;450
-454;-950
296;215
800;891
-587;-348
981;88
-404;495
-441;32
-258;-241
-696;-68
-479;-909
570;-347
534;-1
-59;-551
317;940
-983;-755
222;790
-668;-567
493;972
-245;-948
730;-4
348;981
-345;421
-782;646
761;479
597;-614
120;-23
-169;794
863;139
719;178
942;-784
708;478
732;480
538;-215
514;-921
465;147
-32;-219
-804;-331
-263;850
999;-497
-578;-88
257;796
805;511
903;-208
871;322
718;-136
-859;644
3;-300
-383;-393
-291;-492
548;810
-852;-416
708;-972
-626;-401
696;466
209;-358
271;820
82;970
-893;-208
293;-188
-195;336
10;-729
506;-186
870;971
782;-990
327;617
-483;-165
379;309
-47;-727
-696;-535
126;-332
-888;817
-373;650
667;-167
-767;-484
-267;-957
939;588
181;283
-644;552
-550;336
697;-209
-692;-205
940;879
-26;616
338;-749
132;-341
-451;-797
260;-335
662;-204
841;737
319;-777
-845;-904
91;168
-586;915
873;2
-31;-695
870;303
28;-365
-227;919
-124;-770
-863;836
-706;132
-793;831
-727;-523
-969;-99
-662;900
-620;-638
-295;-72
-247;19
-300;429
498;150
-533;315
-199;-408
213;-245
-136;693
-269;-967
378;-295
-662;-569
-780;536
704;762
402;886
-178;869
828;333
-243;15
-381;533
307;-172
-969;-726
-978;702
956;516
675;-318
356;-824
-48;-272
246;-249
459;-813
-918;247
558;217
-703;591
-794;-808
-106;-764
-886;817
311;-617
361;-673
-339;16
829;-30
-646;-166
-110;34
505;-525
320;-407
774;-240
-448;-263
829;-711
248;768
-664;765
-960;-946
21;-943
-276;-51
-704;379
-612;-92
-696;-49
-905;930
-876;-159
678;-870
273;338
129;-532
258;34
617;99
741;-125
-934;-915
-718;67
205;-667
436;911
959;62
-939;-126
-960;-726
-426;-812
-577;345
225;-619
-581;45
400;-626
357;-166
-932;-173
-994;142
-739;-819
-902;721
-916;771
-458;732
-733;-399
373;-796
125;-549
-320;602
-548;214
54;-414
137;15
-951;-144
-88;190
-930;-88
-772;63
562;-813
678;270
-791;825
35;304
-749;739
480;-750
895;416
-256;293
941;-879
-509;135
-510;192
858;-781
-66;-726
-679;965
584;-298
-785;344
-637;-50
-182;-415
733;-602
-533;-752
-372;926
711;-760
-10;-309
-163;-984
-936;-778
3;-988
-739;-329
582;20
89;-222
-703;-388
852;-607
954;825
-804;623
-290;987
-697;-647
593;485
105;-461
-508;183
-432;-856
425;-25
146;905
702;-622
191;691
775;-778
-473;-747
-935;-211
-235;-600
-406;277
814;-469
644;197
711;-994
-471;-429
284;491
-60;-577
-84;-828
436;48
-934;254
376;-936
802;582
-957;-809
-960;843
-314;-485
-376;913
-701;445
-139;-434
747;238
-620;482
995;767
921;-434
580;-37
199;-705
289;952
-756;-291
-264;14
-702;974
94;-791
896;-994
-617;762
516;276
352;-619
-501;427
-122;-10
-889;-110
135;-978
310;-295
19;693
-542;-38
-825;-827
830;650
-94;-100
-931;841
809;-176
-38;303
521;-480
77;-47
756;742
737;683
48;79
5;-689
-429;145
522;-545
517;-19
324;-456
355;293
449;957
-780;563
-801;157
-463;97
270;-80
-268;-514
-505;30
601;-170
-19;980
153;-104
-304;-319
-196;156
-855;-555
-184;55
-88;-718
-956;766
307;-372
-615;-752
469;550
-491;-324
-397;-537
591;43
-149;594
960;996
796;159
553;-848
463;339
-340;-611
644;-417
-679;819
-48;672
-416;217
-144;-185
-341;-370
-265;-891
-183;719
357;-659
980;-96
261;-75
-52;356
-659;448
-483;-711
607;652
-315;-371
-269;-231
457;247
126;-843
589;-579
74;-590
-959;242
-776;683
765;652
-328;-621
65;397
-332;794
-578;429
-784;115
599;193
-166;-926
-381;698
720;118
-868;-816
-292;-374
-734;189
-459;606
-11;599
-173;453
576;-211
-816;-11
163;-817
783;-440
68;-877
-511;-968
-332;220
450;985
8;743
-970;559
-976;-428
-19;690
844;578
839;-109
591;76
640;238
-741;995
587;-846
-767;742
-946;-297
605;179
-239;-107
-159;-691
-6;-32
-313;-937
888;-645
946;655
-699;-161
-431;-523
649;-66
-171;-880
898;560
636;-948
-980;-804
-643;-674
-690;-719
445;-294
-369;-260
-36;-96
759;-763
986;-278
-282;-722
-448;-262
679;190
208;-624
-212;921
203;258
-717;-934
83;-850
-461;-252
947;398
328;-254
408;-317
-210;14
924;-442
878;922
530;-668
-694;839
-435;814
-460;-675
637;-2
358;571
-53;-350
636;542
-547;-413
-526;345
79;370
-672;-501
890;-397
-763;-370
-463;-464
5;570
-161;707
-336;96
-770;761
922;-382
162;846
307;355
-936;-142
229;-45
949;549
-649;-554
-463;-643
-679;-179
-395;-411
-826;-882
984;-479
468;27
-23;937
-267;579
-82;-683
718;356
615;525
490;-736
-625;491
835;-649
842;781
64;-120
-183;-388
-723;700
690;62
-846;477
128;400
-956;-386
554;70
122;49
529;-132
354;656
-845;-577
961;-242
949;-837
552;-286
-765;-25
29;-27
-502;-945
-244;-578
-492;-758
781;-32
515;977
210;-479
-434;68
724;-120
847;-479
164;-67
828;524
915;901
-806;-894
790;-620
726;-211
230;970
478;-872
-271;-957
-735;-917
870;-260
371;-188
996;796
-436;8
554;-919
440;-765
218;170
-569;-606
-432;889
554;-743
687;-949
-176;-159
-215;-930
-8;-235
620;-732
-117;-599
50;721
385;281
620;341
-753;759
782;280
439;121
387;597
-663;-702
562;-37
405;805
395;462
208;-816
-360;465
97;205
356;326
374;592
-584;48
-839;-994
-280;-937
-515;-8
-317;-11
-562;29
127;798
-544;-708
568;-216
-69;856
-207;-800
-459;-53
-467;-51
-29;-256
-636;-117
589;778
-398;-905
-876;142
535;-928
274;-911
-727;-23
517;-811
96;-781
143;45
658;670
298;-269
-360;928
-910;-428
428;699
-140;-30
-702;-689
-335;166
-585;-724
725;510
-442;-410
153;-130
-854;356
-137;-578
412;231
-372;775
558;235
-500;-678
277;-963
245;-808
-248;-1000
655;235
-628;443
597;-868
-134;-642
-599;-345
-197;655
966;-534
-522;-252
-964;487
-4;-394
353;80
-955;-221
351;179
-888;200
706;297
-637;-912
-606;-793
665;424
447;-95
316;-916
-34;-946
416;-847
414;-870
-771;-646
540;429
456;58
173;45
812;66
-425;444
-633;898
45;-261
942;137
-984;845
522;-682
791;-214
184;613
506;-529
-60;489
396;973
-908;-666
-84;786
-157;667
-920;985
-355;895
-846;879
541;-847
-192;525
812;283
-449;199
-57;934
224;578
-550;-345
165;-804
-561;-841
62;-459
-561;-743
8;441
821;264
-6;-605
319;203
-203;959
274;-988
128;335
247;-273
188;-243
405;-668
-69;292
297;-187
889;-869
-116;377
419;-853
329;866
-781;-809
-728;-657
-370;-620
-638;513
-733;-690
324;670
-656;-321
791;941
98;172
288;-206
901;-732
222;-417
-17;-666
911;23
-498;-555
496;-820
-888;-918
939;929
274;-363
-291;157
-926;-222
687;38
534;-578
-758;545
-930;-487
-700;960
912;-117
-693;254
154;418
-9;-130
605;975
338;-175
-904;-269
555;444
-595;476
214;467
-632;981
-505;-470
-563;744
-245;-981
-419;884
640;-928
237;94
465;-923
743;-517
-294;-359
188;-98
-934;-239
763;885
-406;-691
815;309
564;-219
424;744
802;901
-365;778
-111;-333
-725;865
-394;593
757;166
182;-581
97;-765
444;657
682;970
986;-727
-141;-487
594;819
-707;34
-965;-170
-645;-281
-576;-565
-943;471
39;340
-240;-655
-446;-893
129;-1000
-790;205
895;115
-986;987
105;753
-380;-605
629;-542
787;699
-445;576
398;906
138;564
-517;667
-287;-886
401;-45
373;608
871;864
494;423
-39;634
75;199
289;-243
-515;170
739;866
918;279
839;922
-654;-235
-797;-400
892;-39
-570;-61
139;-635
787;-413
-423;-455
483;-112
-252;490
39;421
461;-632
-980;649
875;163
558;294
-952;40
509;381
-182;855
-69;930
493;30
-86;216
22;469
8;262
126;888
196;413
-105;416
-804;-894
-789;-253
145;-296
-850;185
-560;913
935;-809
166;-325
618;-199
-319;-696
-24;-707
590;180
-891;-187
-946;-393
-524;-584
844;-293
-196;-347
881;-185
853;-412
10;-549
-214;6
705;-13
-497;338
-563;125
-566;-210
-564;-101
-531;404
-672;75
869;832
393;139
323;591
617;-436
233;-633
-216;275
-576;801
-631;811
386;630
299;-665
503;585
782;790
745;-294
878;-114
77;-310
306;-561
575;-125
581;-807
-251;470
-393;540
717;459
970;-716
-772;990
646;-831
-736;55
-308;589
328;-367
988;-3
-952;553
-436;705
708;93
-289;-214
-741;-678
-450;-671
367;684
-262;-205
884;-874
-681;681
413;-994
-602;396
-301;691
-618;588
-371;-724
-862;213
-817;214
-991;-279
196;-467
-584;954
561;496
572;152
336;205
-695;569
927;-835
147;92
-317;-54
365;-244
-157;90
-912;-734
50;-718
-95;-624
-176;862
584;-727
952;-325
217;696
641;472
752;-202
5;-35
108;884
-483;835
-831;-160
657;568
-5;-490
341;602
575;-869
336;657
-554;-849
-662;-527
-561;555
670;688
314;-238
-687;390
-208;-142
-950;-317
88;877
183;-109
-742;-121
-751;71
484;-319
455;30
544;-549
-606;216
-595;696
826;-340
-793;586
527;-180
593;-617
696;-409
129;584
-102;590
-175;5
-855;113
-895;-824
-17;1000
560;887
-715;74
-193;-340
457;651
-103;-998
-23;-953
537;-168
-950;109
-337;435
463;13
-561;-152
-463;-746
-783;-851
-153;750
955;-167
-394;70
715;920
853;582
-58;789
-878;849
-129;696
-99;851
564;51
-39;-555
876;281
391;474
233;-57
264;-683
460;-136
-413;911
241;-689
-635;-521
763;234
530;-532
-470;-748
-625;161
172;-923
-987;199
758;-454
-890;-836
-60;-520
25;87
695;-265
-640;805
759;431
100;271
-104;-380
-324;386
37;-412
-672;-859
-798;-251
-315;139
416;-32
-655;-955
-267;299
561;79
152;939
92;-323
-913;160
757;-264
132;667
-310;175
-458;632
-427;-922
648;-56
306;-161
408;-776
382;463
-768;-321
-240;967
197;-264
748;360
616;751
693;-407
-490;-474
-119;282
-261;950
-914;849
-550;561
82;548
-933;968
189;-103
-365;93
-774;456
-457;-382
77;635
-245;-391
-19;-471
589;128
438;713
173;458
-91;840
-898;71
610;-950
648;-265
-956;583
291;-858
868;183
-496;-5
724;-874
-857;-584
807;-690
-19;-370
-900;-120
781;477
-178;16
467;760
302;227
-644;598
834;657
-578;-8
613;814
490;-30
778;-890
82;597
822;319
198;-720
-406;161
-83;999
-695;524
-836;474
922;675
-12;238
-416;657
-171;655
803;573
-899;378
208;-485
48;166
-312;-564
-274;320
569;-537
-572;-701
-378;598
-423;380
475;498
971;-672
-132;-558
-907;92
657;-347
-483;201
154;584
735;108
649;-345
-269;43
758;677
-665;449
905;768
469;-655
353;193
-676;-193
471;87
-363;-915
-123;-385
-433;10
-80;482
-834;953
-543;46
-389;165
574;-922
386;-491
919;993
-106;563
189;146
-32;474
-872;4
-907;333
-676;-915
-971;890
-873;-760
373;83
33;-180
-652;-792
949;617
195;-450
759;-815
452;-620
866;677
763;-131
-742;-495
671;-192
325;-320
790;-226
990;-585
-656;931
-919;-498
244;-133
-726;879
625;648
268;903
-597;-76
281;263
490;829
804;-900
-686;914
774;-193
-325;475
713;-148
-553;859
294;-30
-924;542
-179;-348
29;653
231;552
944;286
-911;233
651;534
833;615
-511;-212
405;-268
-324;715
441;264
718;160
932;3
938;448
-931;-894
232;-983
-332;-681
785;273
-849;974
-753;788
-153;78
-782;632
-43;-915
790;-668
-215;-551
-459;655
45;-452
449;838
179;707
84;-614
-270;-827
179;-452
-471;-839
-209;530
27;-938
139;378
-703;-581
1;414
511;195
29;-375
366;-473
-159;-338
-685;-630
396;952
337;839
487;702
-778;-243
-192;-195
-537;377
-286;125
-992;540
-924;-671
304;-165
-30;-562
-787;688
116;-72
66;-201
-534;-45
3;824
266;-426
-739;-132
722;-296
-759;-96
262;-94
-351;-701
321;-841
-172;519
-818;859
-381;-484
804;675
351;-50
-776;400
544;-31
724;377
-638;-354
514;770
455;501
-483;203
-908;-949
-776;-768
-136;372
981;765
-795;779
631;-565
-759;318
127;-885
527;-899
-84;902
-192;638
112;-910
618;-498
-715;-172
205;-624
612;503
-444;-289
976;-662
-823;43
-682;350
-369;-9
595;-287
-306;-823
614;760
-970;-810
11;603
590;-511
74;-831
197;-548
-924;-829
-92;-893
-27;-620
936;-498
-628;104
-484;-661
-842;165
501;343
-146;-700
-639;951
806;400
284;-11
99;812
-122;-753
278;-121
-651;409
-667;-639
731;230
-530;-423
-962;-673
-678;637
-145;401
603;-904
707;-812
308;-934
617;-167
764;-443
649;-477
-456;-9
-135;496
230;492
-622;-485
441;-266
292;-368
-386;-716
219;210
-982;487
300;-913
311;-949
222;909
668;127
39;-398
97;662
462;-545
430;-233
-778;-462
-108;325
204;984
-963;-84
770;-29
141;222
681;395
-725;401
-270;-890
694;371
428;999
369;-954
955;-451
-460;-564
546;-890
238;861
-292;877
-660;-482
309;-544
-245;877
644;-706
511;-292
842;-421
-569;-691
-853;-891
-17;-265
-459;344
375;146
-48;740
-563;-825
-691;-691
552;79
21;995
-168;-707
205;950
19;-383
-235;-60
-226;441
-458;-351
-542;-654
-495;-406
-407;485
-344;-510
640;755
152;551
-162;765
-320;-486
-962;708
804;-282
429;675
-396;385
63;-362
371;973
461;-984
-893;-319
-594;205
-48;73
-436;-903
-727;-965
-319;-771
63;37
-672;-447
-712;882
-5;395
454;-158
-737;304
-667;710
-716;-229
322;819
-100;-579
-751;160
-398;834
789;290
142;-301
-631;-649
-243;-769
642;-148
-711;413
-4;-109
872;-81
-355;526
-928;717
387;-409
475;-829
-276;-682
-956;-626
-772;117
-389;703
-344;-642
-351;193
-559;-892
84;606
-432;-830
-334;-774
-457;-499
-256;-461
-309;743
-636;569
669;773
332;93
-84;815
874;-33
-363;-96
776;-730
934;423
360;596
220;123
-852;893
866;-144
585;210
-942;-218
604;257
-293;906
-852;552
-858;148
-511;423
306;461
-292;-918
912;459
978;-976
897;78
173;505
905;110
284;-189
-903;-79
-328;592
588;491
757;-877
-694;-923
-791;347
946;364
638;297
-181;-50
-593;271
-742;593
-629;448
-633;331
-200;-836
-198;-514
245;691
248;545
772;152
950;-153
143;-878
-92;-508
66;-509
-328;118
910;-811
-45;-318
-934;-842
-906;-250
965;424
56;347
-423;-776
677;-933
752;100
411;-860
497;727
-644;-968
-544;-337
516;-517
455;752
266;-775
573;-541
-397;-347
-637;-329
-763;-926
413;431
-427;475
-937;337
599;375
-48;-448
372;-472
93;-427
-997;751
-718;-737
-58;76
-119;-239
-11;-799
828;-164
-994;775
427;624
-441;-481
802;415
856;-629
525;442
124;-978
-782;-632
-551;-355
-830;820
-250;-918
-916;980
-919;186
-940;-649
-993;-977
729;147
179;919
-294;-250
-693;-514
301;709
-148;-99
-890;334
-364;521
61;-243
697;-963
-996;-53
-321;-247
999;-104
-955;-249
-698;547
-494;652
835;-892
-104;166
-225;172
-13;-860
-594;-237
861;337
263;189
657;645
297;31
353;-188
788;-648
-650;-447
193;-415
-965;-335
-849;-549
-873;-227
-21;462
486;-930
388;-78
251;-471
197;-266
-859;391
825;22
-406;580
-842;540
861;-215
-409;656
735;-155
-766;-424
223;-772
-695;-17
837;825
869;378
117;-119
-857;79
693;-466
998;16
-66;323
-621;-366
-153;-141
-827;-907
-596;455
720;969
140;121
-5;445
-811;49
-33;-766
329;120
-718;131
-383;-439
643;-129
-996;-522
9;-898
932;-165
-760;-811
594;966
989;338
-872;-416
-426;-325
779;268
222;-404
-491;806
-361;664
-295;728
137;939
-795;343
-271;-490
-896;-529
-379;974
-179;424
-722;615
-56;-370
235;908
86;-577
-817;518
838;270
548;480
-493;386
-84;326
-96;-660
680;40
-956;-338
-391;-411
877;-448
252;-530
-634;-524
236;-650
698;-516
-123;-749
509;-976
493;-89
-133;119
393;305
-967;-371
749;-818
421;-905
184;810
623;324
-74;929
-912;59
838;650
928;-604
365;-730
-478;458
561;-868
798;-710
314;-1000
629;828
-100;741
-509;547
-309;-109
800;420
169;-881
-956;789
936;-407
-519;561
924;37
87;554
425;-571
754;3
-47;814
1;480
-9;-883
37;-411
745;-835
328;612
-89;222
-582;484
-586;-83
-164;991
-442;792
538;217
139;-191
-464;-481
-53;51
-828;-486
58;-282
763;-626
884;182
-893;-27
783;-421
998;-749
-664;-217
-17;-954
136;-621
-374;-943
627;230
-717;-892
-359;741
362;945
34;246
-817;-285
774;-184
-140;26
2;-365
237;-352
-623;-744
-719;815
641;-133
252;-740
205;851
-630;-343
-28;-204
8;-873
-655;492
27;-338
-934;501
-800;346
-798;509
-515;-752
865;-304
-684;150
-447;-998
549;-148
-859;-676
-351;571
650;-292
167;-55
-78;917
-88;609
403;788
-148;812
485;522
129;546
172;801
236;895
958;986
-920;367
834;-420
-481;555
68;-206
-630;-762
-449;107
861;396
-64;732
150;-71
759;382
17;-578
787;744
561;-386
681;236
897;-803
999;510
558;918
-505;760
767;-590
181;1
-290;493
195;472
559;987
126;970
184;474
-741;39
-493;-702
504;715
867;273
-721;-531
190;-657
295;375
-60;567
58;906
-314;-655
633;818
917;435
359;505
158;135
456;-128
-328;752
307;-638
581;-725
-9;382
-629;-130
-562;368
-875;-796
513;-695
-45;331
-21;712
119;837
327;-872
-372;-132
-845;-965
881;-261
548;-530
385;-458
956;-85
-524;-531
-887;-696
-497;-457
644;250
-801;-986
507;81
470;893
713;708
709;-870
-15;447
223;-126
-707;29
-292;-11
-629;100
-720;233
53;703
250;736
310;279
-549;823
-281;951
-280;678
-310;-693
-949;-968
-121;-96
-983;-438
-909;-929
-652;839
685;-332
-784;-823
-130;-332
-127;258
-470;971
-677;69
633;-227
-899;918
317;-51
77;612
816;108
11;212
-498;-460
-115;-535
-869;-95
412;221
107;85
-543;245
206;658
-238;-633
237;825
-691;-804
490;916
623;687
-68;-259
47;296
430;965
-903;164
731;-591
748;-314
-770;315
-20;-970
-585;-8
966;462
554;-659
381;19
-973;-259
-805;-238
247;-203
-701;-760
-848;223
313;-779
706;585
-733;-416
993;215
-269;-739
-18;-691
-607;927
-856;-461
-700;924
-152;-118
249;672
503;-484
359;-928
-414;971
-631;1
-140;-584
932;664
-907;-954
424;-985
195;-577
-959;913
213;-165
814;0
-205;-283
-378;323
596;331
-146;320
789;-965
-707;-22
510;36
-523;-584
942;-8
-67;-855
-847;-751
-650;189
885;-986
-22;-541
-539;228
-613;206
898;-112
476;-32
927;175
-115;-350
930;-32
722;-468
835;-595
-154;685
-70;-429
-397;-682
536;-880
912;129
574;449
-177;-578
-503;-943
944;728
339;-536
-567;-237
-746;206
-381;-183
707;-715
298;-487
392;-32
-92;465
586;-186
859;691
-118;5
457;898
-215;340
784;-283
-755;-723
-669;-626
394;-100
772;-986
-500;-753
-321;568
119;84
706;250
938;-318
910;120
498;300
-224;-398
358;-833
810;-175
946;-292
-342;135
-916;-516
625;-294
-464;-544
818;-481
-533;-47
-225;-763
334;-764
-758;-326
356;-786
804;963
-778;-654
404;60
-968;751
-862;-369
-866;15
-480;-994
402;806
51;-953
-1;-17
-669;517
-594;648
-426;880
710;13
758;987
-597;-651
999;195
-676;943
265;-973
13;-541
321;631
-576;-176
162;651
-925;-632
-252;708
-405;873
-290;472
-509;-86
-829;-751
-463;-996
345;569
365;-931
-853;296
568;536
-541;-316
756;-180
-582;-40
679;-726
498;743
450;313
-408;-528
24;350
-766;-857
611;-220
-900;91
939;84
614;-270
477;557
-746;-192
-449;857
893;-716
-215;-741
589;201
530;215
-845;477
-546;352
545;483
200;76
572;-168
788;-745
245;-285
888;614
444;661
-8;-303
-961;650
-170;2
268;9
-276;-301
657;-108
-96;-437
-143;213
-438;-581
-154;-781
677;-233
363;164
-876;-75
-757;-709
104;34
657;-357
-926;-972
578;360
-662;71
-810;-297
-505;-189
-124;-284
786;651
-865;746
-947;-657
-786;387
-873;565
231;857
-587;-809
755;-283
7;-872
302;-85
881;-359
130;-384
657;-758
676;961
200;-619
-984;246
195;970
695;-164
-643;452
-44;-184
-415;282
145;-624
521;164
535;758
585;382
871;871
483;709
-824;684
747;-384
550;-984
-549;888
478;485
-675;-375
-193;507
-185;-145
-753;420
-868;736
-723;579
382;677
-414;378
-25;663
-628;-277
-484;-385
811;405
571;-871
-3;-702
-768;361
212;896
-161;81
680;740
221;486
829;127
-303;831
-597;-110
419;508
699;210
-350;827
-23;-563
-777;-67
164;-184
-862;65
458;-444
-81;349
725;-825
95;606
-68;758
-598;-76
620;463
-113;389
289;442
-918;-931
933;940
-176;-913
-746;-739
-887;-786
321;-50
498;-796
-979;-928
960;-181
707;-675
-680;824
587;617
-339;-61
627;735
941;723
845;667
-301;596
261;423
-296;-578
521;725
191;58
-279;-508
959;-606
-102;9
534;-485
-413;306
247;-532
992;-350
-905;-368
-233;574
-735;919
334;144
-652;343
657;-866
-738;521
-761;666
-828;-697
719;715
-848;262
-973;-140
242;-43
-396;-972
-966;248
816;691
-734;-334
269;371
-428;-538
-993;-714
789;-819
-943;616
994;-154
332;-479
-912;732
-353;343
-858;599
217;865
331;509
-874;107
-270;-546
530;-502
769;760
389;822
-404;-619
218;400
649;190
274;-679
-847;416
-366;680
289;-424
-566;37
-438;-247
-860;-641
-83;264
-623;992
-368;-694
44;473
-553;719
-498;244
285;-24
-517;553
-572;36
322;552
-650;-433
-909;519
-127;-180
-634;-94
-661;310
-253;892
-940;-387
-44;-522
-780;823
-654;-801
-447;-616
-314;-932
2;-820
128;351
-831;179
106;-800
37;-869
-781;186
577;-78
-166;-871
961;-594
804;-226
988;133
394;515
909;-965
-210;-394
662;-223
990;605
427;115
-864;-586
-560;550
-464;-502
290;364
110;491
92;452
972;346
-779;-103
979;-238
409;635
-399;726
368;-507
-119;356
-147;-116
986;258
-118;153
448;-660
-957;946
581;-991
237;501
-365;-319
-484;807
-684;316
-654;398
794;-842
348;-414
331;-504
757;388
219;61
-709;52
814;-245
-618;252
258;-591
944;-122
-130;-160
-913;-132
244;348
-402;-633
-262;782
-476;894
628;-445
553;-176
-545;517
855;975
9;-968
645;398
689;-166
804;-312
509;-327
321;282
-183;-247
-55;147
-777;781
366;-258
759;-563
307;-798
985;630
-846;546
-901;-151
-892;-248
155;535
45;244
-809;178
249;-511
81;857
-926;505
894;-143
432;-269
-30;-694
565;956
995;853
511;574
414;-72
-807;-832
970;-292
609;349
-393;811
121;946
-818;414
981;655
-216;-655
-13;-274
304;180
527;-174
-359;-585
-596;-242
-435;415
-560;634
774;48
-93;356
-900;364
-937;-503
903;973
408;-566
643;206
808;-376
745;386
793;-913
-626;647
861;-403
618;-495
-627;972
951;732
933;-410
145;-187
-361;-683
-940;403
-559;357
769;591
-400;633
854;-153
800;-713
577;401
-290;274
-605;95
-219;-721
-306;-529
-813;203
-267;-64
-79;297
-135;-828
-191;-83
720;-97
-865;819
169;864
-876;596
-805;-964
698;-179
-208;282
833;-945
-764;29
319;-710
758;206
139;589
456;-547
-463;-107
-39;700
-400;-408
695;-205
-644;-837
-547;395
-504;-565
-296;566
-291;-556
-299;-248
-275;739
-176;-96
-455;127
-603;2
869;60
-574;-816
746;-32
-435;-897
-426;666
-18;-252
965;-921
228;-957
-189;-255
803;-497
213;-297
242;52
-115;-367
-874;-759
-518;-481
609;-286
763;709
-833;400
-327;654
-200;-872
-990;-478
-459;-641
793;-728
-124;138
-280;613
196;-248
888;-66
-29;196
-309;177
-471;-48
-54;713
718;752
-867;117
216;612
-595;16
-310;750
-678;-355
203;174
80;708
745;-47
-683;513
-507;543
996;-107
400;747
-360;-590
381;760
-886;-769
94;-859
-918;-67
314;-347
-608;38
-884;897
578;611
48;-609
-264;638
-424;-40
156;-123
-527;509
866;147
284;-969
-958;448
-281;-993
612;-677
45;187
-652;210
499;-463
-356;466
-851;-672
555;113
-500;148
-164;-768
-598;-462
-495;-356
306;-936
130;815
-268;-793
-588;-353
-398;321
538;746
156;419
848;589
-574;642
-449;527
-305;975
973;-50
-390;-365
-497;461
-891;419
-121;162
274;538
57;-804
289;353
-959;677
-228;-240
-794;552
-332;832
835;-434
-165;-656
-278;188
-615;-222
813;-360
-703;-214
469;-904
-729;828
-139;-237
538;-391
-351;573
-395;-87
-775;351
762;-763
529;215
-525;-264
437;722
-851;-757
-488;-95
944;913
557;923
369;-885
639;209
875;-321
868;639
-850;58
466;-999
-295;-691
-470;807
-607;467
-806;816
-964;6
787;-325
564;-808
-680;352
-464;961
554;562
439;176
-721;83
453;-597
614;53
-577;870
54;317
531;-474
-963;538
-652;-293
614;17
-632;620
-816;323
-392;-148
871;303
965;-936
-388;-850
-648;-324
-661;-437
481;-772
-612;311
-637;722
-96;-620
-305;-315
218;3
849;150
-717;997
471;-428
-355;-327
854;-916
212;-486
-525;-433
-245;-153
45;-162
54;709
-925;958
-832;-241
363;-827
738;608
842;-204
357;922
-757;394
787;-279
-796;258
383;-409
337;-974
907;-353
916;-298
142;-944
-697;-419
-883;747
952;453
15;662
359;-811
969;-831
121;777
540;-789
-485;-281
-998;-323
-866;2
912;528
660;-504
-497;-354
227;-40
354;34
28;-371
-78;-494
-904;845
-533;-124
-884;-674
-935;486
197;-716
603;507
-615;463
871;73
-111;2
529;-544
145;156
490;-796
-290;50
-439;-626
71;-714
323;-101
-690;738
667;45
36;-648
-839;-251
734;-907
484;-404
-939;-217
670;-382
721;941
796;-885
228;-827
-487;-15
106;820
-598;339
527;323
762;-997
303;-547
-835;-490
-922;-120
-508;149
817;-949
49;747
965;168
816;-725
-998;192
-305;-231
-202;511
304;-99
126;147
15;647
-812;-186
-611;55
-119;719
-566;-915
-425;998
-704;346
428;-989
770;677
998;618
-937;-233
717;379
855;509
-932;990
-503;26
-477;141
354;660
541;-290
-448;-984
487;870
975;570
803;354
548;-764
435;-958
-96;615
-962;567
204;731
-648;767
-541;284
50;-333
340;297
434;-876
-218;-334
-259;-594
-82;918
591;-86
835;-980
348;-652
-236;641
-461;-289
957;-525
-603;-614
-613;-98
-427;204
31;969
275;533
-194;143
-554;554
507;-656
-178;317
-115;193
-340;-216
-266;552
717;858
195;760
-260;28
241;621
544;-20
958;328
-772;-270
-922;-960
207;-348
803;-661
752;-366
575;772
38;310
141;249
361;-805
435;-797
-186;-919
-88;-995
275;175
-608;106
-242;315
981;761
307;-851
-934;-756
523;284
564;850
-825;-390
-523;299
-243;-93
188;256
859;-824
-403;328
-728;722
-929;824
-667;-192
856;473
769;373
932;-103
-316;-637
-539;-956
-431;-863
342;-309
-197;-340
494;-749
430;109
-929;138
-811;-265
792;-971
-186;-625
604;-764
25;611
-627;775
-584;765
817;92
-521;-612
446;41
266;-408
561;-38
812;720
183;-290
-400;-959
-229;251
830;-507
144;-262
-724;520
-324;-823
-318;373
62;887
982;241
20;-486
-6;-859
-705;137
3;-238
904;-265
-255;689
-949;-83
347;952
-534;-529
341;606
663;-638
805;-166
-547;-828
851;-709
-221;877
-94;-987
44;-407
197;-864
639;636
380;408
-580;-936
-351;-801
391;483
57;-85
675;-911
-572;168
-413;675
990;-911
784;-369
775;-328
420;-763
-675;-725
207;616
-697;305
-984;-824
402;831
-928;-695
-931;-863
-736;469
-782;-671
-794;171
-260;-518
4;-922
326;-68
60;599
-531;227
144;792
331;494
-318;952
121;-322
-211;450
407;753
616;505
-828;-971
732;-594
-317;-747
-843;-531
-508;320
-97;563
543;-687
-748;-281
548;182
-188;440
674;-587
-400;132
-680;-82
-355;220
456;722
-993;647
12;-977
-420;131
-270;-5
128;378
-869;724
-798;64
412;911
765;957
389;42
886;841
-640;-103
334;429
-481;-436
-272;-721
-941;-397
353;-991
-327;-52
-843;648
-435;698
569;785
-965;-31
-971;-957
-274;-759
20;-212
885;-680
669;30
-202;-597
-524;740
-887;826
-478;190
-794;708
-901;953
-71;820
297;-915
-250;-303
15;-93
428;-743
586;835
71;736
-949;-727
-631;673
-57;419
-214;-766
-129;-166
786;-36
237;-222
-69;875
996;-12
304;-908
-928;-838
-906;850
907;478
388;644
-921;685
-52;-248
785;-740
-107;-833
361;-963
-151;764
-33;60
-643;456
735;203
-60;-467
-88;793
26;-660
63;-105
-893;320
358;-117
-104;-344
-917;-443
414;-341
-516;178
-634;323
650;-93
-388;771
769;708
453;-891
-501;292
42;784
851;460
580;-876
80;745
-80;685
784;439
562;-303
-774;712
-907;371
-297;-802
10;864
321;858
-874;136
846;230
-537;347
-994;681
-554;424
-542;991
-172;-300
-17;853
-787;-439
-883;-386
395;1000
496;202
-101;-229
-488;-592
95;-622
-562;329
-452;-58
143;-687
666;738
-112;-477
-469;504
-794;-147
190;771
168;619
-959;231
279;-382
-90;102
-828;-123
381;236
357;-370
704;-552
-622;148
-882;795
-16;293
-308;-55
335;422
-129;569
732;-400
24;-698
-827;772
888;-782
110;104
452;-856
-109;-662
353;757
-528;683
-620;905
-104;-452
440;45
326;-233
627;-623
767;214
-864;281
-905;524
-356;264
196;-820
-48;328
734;-568
524;231
-408;187
719;600
-42;-763
-775;-77
-129;-335
-954;256
-763;-304
47;649
-66;-419
-755;92
-782;-744
900;381
881;460
205;-385
544;-355
870;521
91;-916
75;-894
149;180
-433;-440
-257;9
-669;-433
336;97
-33;-814
170;260
-697;108
780;724
-935;215
-797;-454
-327;-13
-480;-239
584;-297
858;-818
-649;-183
684;-837
-864;489
-193;-629
772;-591
238;-328
-819;-557
488;-334
689;-941
-63;-629
-25;-556
-678;-27
735;-609
27;606
-514;395
566;832
-609;-937
765;385
-266;562
-251;-863
915;-915
-19;652
-871;-662
-259;-704
613;395
319;33
-831;356
729;-296
-14;73
-968;220
-612;35
-800;793
-930;396
-983;-580
-661;-966
33;-889
726;-122
147;-430
179;-156
-389;712
-335;553
-641;355
215;-95
-115;892
454;-607
-495;168
724;934
-375;-967
-78;-389
-930;-881
-828;202
469;263
1;-525
-280;-89
227;303
798;686
-827;-777
-387;462
682;242
-821;354
648;-260
-986;-441
0;-9
767;-501
-648;390
169;-724
-228;636
-251;-165
-519;-777
386;-465
-595;-707
675;48
-609;44
203;690
-518;301
-231;-666
890;317
835;760
418;-332
-294;582
-262;133
189;818
-811;407
622;227
-195;620
953;-292
423;611
-226;426
718;-234
529;648
-392;-840
735;-101
-279;-731
670;-697
-652;914
-699;695
606;594
504;68
-86;-982
-337;-633
650;440
647;305
-843;-341
958;-961
-398;244
-607;-916
-87;802
320;-986
-155;-603
-1000;561
-966;60
401;-521
898;157
-927;645
493;73
919;-137
649;674
-90;-56
-870;-428
777;282
585;-111
19;150
885;79
977;450
351;-816
930;96
642;305
-228;-682
356;129
556;992
53;-177
-674;-102
765;966
224;980
-114;-73
53;469
-477;67
721;508
920;-240
818;63
-144;633
229;-811
120;198
752;913
944;-576
-490;-108
315;-117
3;-140
827;-490
397;344
-946;-200
-289;-862
-108;399
297;-90
-113;-266
-487;198
-526;121
-186;469
914;145
-367;-153
-822;-826
213;894
649;-41
-548;459
-730;234
-692;-665
105;-118
624;-800
102;204
496;611
70;-282
930;-496
548;-396
-112;217
-866;-840
757;-99
580;495
613;28
-543;-588
-440;-356
266;896
-215;380
-720;-121
-229;478
815;714
797;-896
-836;-537
-948;312
285;-501
-14;-445
236;26
879;386
641;-282
-650;-179
-589;528
506;149
330;483
730;-994
881;501
-673;127
-655;-857
-503;636
578;104
878;-363
-451;-297
416;-590
-870;-721
808;-283
-442;484
330;-427
537;-460
459;798
-748;-600
760;485
-393;145
-843;-857
-937;-340
-596;-309
349;-90
-468;450
217;-978
-867;-213
262;191
-675;-747
-514;815
877;160
225;126
739;-908
638;-285
857;194
3;954
193;378
-365;-76
603;-858
-691;971
-742;-724
638;900
-308;627
704;-69
-708;465
690;-574
-423;484
-578;641
-907;-281
494;-829
65;-372
-822;-940
60;-122
983;-396
904;194
380;587
700;604
205;-724
823;-961
200;166
524;313
-954;215
464;-511
357;-983
-265;-907
155;20
151;415
443;-9
-298;-70
-855;537
-252;-903
-48;90
712;27
-22;418
-867;-991
764;-508
-296;-274
362;-769
727;-229
-728;-396
-244;276
162;-444
-635;564
709;-379
-662;483
998;-35
889;-622
-382;-45
80;822
831;-272
53;475
895;951
-22;-107
-904;850
624;-32
-672;-248
-755;-396
282;55
-597;477
-166;808
591;594
-753;385
-152;620
856;-994
-396;23
876;911
311;-941
848;-771
-105;-571
115;-538
509;524
871;947
266;86
-22;418
-898;517
479;327
217;-318
403;605
801;495
-157;-338
-427;175
-615;-696
102;-784
415;-479
-343;461
802;-874
761;806
234;-654
-820;705
-507;201
-103;527
-652;-323
-749;825
782;-866
-861;102
827;-543
11;760
421;282
-83;-982
-126;554
216;-754
705;-736
-187;-239
224;362
541;-289
52;-693
-75;-507
449;578
-25;250
-393;233
-2;-521
-865;-838
931;-193
-636;939
-373;739
-486;826
980;87
988;-953
-315;500
-753;-948
-305;-803
171;-49
-123;-979
994;360
-626;741
-920;-268
-712;915
-638;-177
590;-576
-945;174
615;-941
323;-238
-908;179
199;-323
774;664
708;602
-884;698
344;-300
850;-764
-99;-409
-682;-714
-370;-485
914;363
-740;-562
907;-307
-955;886
303;-361
683;-676
-189;732
-136;862
-500;-636
608;237
-854;-658
-540;-68
212;-235
80;-285
-64;228
731;-486
39;-466
-551;989
392;-687
378;196
-312;404
-460;544
-336;-411
-676;-931
-681;-700
156;-882
645;262
-726;-190
-393;-443
-713;235
572;139
-426;-574
731;825
-901;-475
-212;258
689;487
734;-979
628;873
997;-703
-408;-660
-360;-723
187;-844
-561;-929
540;193
-384;-420
728;-290
976;-88
-649;-722
-176;-860
9;827
-915;267
170;628
-759;289
-575;553
881;-573
150;935
863;39
874;885
-437;-674
-263;925
910;-69
594;413
90;-48
-450;-987
-330;-184
126;-17
-587;-954
444;692
-190;-432
-100;-46
-319;161
-469;-991
981;571
512;-651
-7;598
616;685
241;-882
718;-19
865;-896
-851;764
-180;542
927;-832
762;-973
-221;72
931;977
865;521
-982;-722
407;419
928;694
-128;985
-967;282
-669;59
1;419
986;-773
-637;-486
-415;-77
825;455
271;681
-812;-627
-435;-288
-121;928
-38;-985
951;945
497;-658
-241;-595
-304;162
472;409
-519;568
-581;-806
118;-738
-262;-850
720;77
-735;247
-486;-277
-516;189
-631;-953
-276;-414
-267;-526
-905;-370
737;918
-212;632
-732;-892
8;92
-826;-42
-567;828
907;-796
608;-636
-612;31
-584;104
711;965
-955;158
681;64
-443;27
-302;-238
-17;965
-451;-707
-858;-385
-24;145
432;525
-993;-742
550;988
462;86
-493;-662
-164;394
435;-277
-615;-274
423;371
328;-645
206;339
-319;-214
-773;837
714;673
82;-221
447;-313
62;-216
874;956
644;-830
-599;-589
-407;-700
-260;209
540;631
422;1000
267;283
-878;-926
820;-34
-300;36
676;-221
778;136
266;205
914;-847
464;411
300;679
562;-549
-560;-437
239;-740
595;963
307;-876
359;-154
-479;405
-170;-64
-514;709
519;-84
920;-890
-342;-178
-485;-839
675;-610
928;-8
651;523
106;70
-492;492
119;-509
726;-923
-665;669
953;448
492;529
-672;46
-146;-335
-5;19
981;446
-396;-510
668;743
-566;656
-585;-491
446;-36
-331;-49
577;-441
-192;-184
-249;839
-588;-797
289;633
334;62
865;662
225;777
767;733
986;-708
-273;271
317;172
950;-60
650;57
7;27
104;920
574;964
-921;758
-779;-13
-756;629
538;268
-837;-828
882;-111
-717;988
-93;845
-794;-256
-876;950
807;-851
-744;-1
136;301
195;898
-280;558
15;898
-971;483
210;918
-705;-606
900;735
-533;-657
451;584
871;-959
57;-57
-939;286
916;167
608;-573
-571;-734
-465;137
498;-302
-222;344
-421;-274
-484;787
-147;863
-254;-821
-410;949
-487;550
-145;495
-341;626
485;-495
687;627
-9;-338
526;851
735;716
-276;-791
-654;-3
202;421
-81;-199
-735;-518
-127;-477
620;-942
735;-907
-902;445
538;564
-835;-380
-981;-34
296;627
226;962
592;-293
748;-892
-572;-136
-929;943
848;488
396;390
-359;-907
-401;-136
329;601
-325;-860
232;484
258;54
-692;712
-812;-509
-561;61
-26;-886
-438;-449
-246;-956
391;56
-683;937
-180;-851
947;-563
-165;-105
-150;888
-445;-949
261;-453
957;-889
-779;-400
317;812
-581;662
533;-1
-31;672
-517;-425
-228;-687
-586;-218
974;570
-732;-18
592;-2
-921;-321
-453;168
-826;-757
42;271
-888;-409
665;-447
185;-257
-862;-734
491;520
-289;-798
-919;800
-313;-148
881;-73
137;12
-910;756
-441;-826
686;978
-217;-892
18;944
774;-181
440;46
-237;489
-595;773
172;684
-421;-820
-517;-123
-413;-969
-775;-351
-136;-749
-765;-213
478;-561
62;915
60;-913
-468;-145
855;-896
-425;458
338;62
160;519
374;-838
-855;140
517;-399
126;-958
945;-750
606;-469
-259;-829
503;-286
-685;-159
170;-306
598;-913
-3;638
849;353
970;-913
364;-93
-969;32
-756;734
-128;-942
326;14
670;430
-191;732
46;459
252;-678
-232;82
-303;-770
-707;518
472;-444
-403;-173
-247;555
-133;-683
226;-946
-344;-98
25;-111
756;170
-758;-727
-259;-669
452;-699
750;-932
-946;494
383;190
59;-797
307;932
-921;-327
-351;-908
-643;-889
-494;453
-78;577
-727;245
-919;-798
-877;-442
100;-914
-71;-650
752;-724
-76;-510
-622;-848
655;154
36;-819
927;137
-703;542
593;-706
-13;52
206;993
-650;534
-553;144
692;822
-407;887
80;73
-471;-465
543;-113
-9;-887
129;829
412;-510
113;220
-253;138
424;352
66;624
-219;842
556;-563
496;510
140;-114
760;-727
562;-378
-546;859
851;-854
-176;130
434;-474
839;-672
437;389
748;302
-264;396
316;-466
531;-855
306;596
-209;-949
507;-703
-567;170
654;-460
-41;-327
946;-563
-191;173
-609;-147
207;-264
442;698
403;749
-743;-331
778;270
52;-941
-827;114
556;461
891;516
-755;-398
909;-571
923;-759
-232;-505
-615;-434
-514;224
961;-208
-629;76
-895;492
290;-222
70;-332
260;-805
-231;-893
-142;932
250;963
550;-40
-714;707
-278;-207
260;-135
-863;281
196;517
423;873
572;-950
72;788
-280;-878
-888;893
865;-196
-701;-532
677;-558
482;709
334;-196
-795;-250
-364;230
726;653
-372;741
84;-161
-514;557
925;387
386;-245
-27;54
-82;569
-853;249
476;-270
87;537
888;-718
175;631
284;668
322;145
564;-424
573;869
684;763
629;831
249;-792
998;134
-674;818
688;-635
394;-762
261;255
878;688
288;683
113;666
457;725
-738;-112
-213;331
760;644
-568;288
43;-573
-192;-842
848;75
-456;50
202;454
686;736
-232;893
-21;-357
-747;521
138;69
-773;-708
860;-381
-4;764
-698;-536
659;-773
230;409
-259;-566
-191;-16
998;699
-9;13
-377;-462
71;590
382;-6
-852;7
4;-85
572;-436
479;364
978;368
46;855
-464;-661
-386;455
441;-463
-485;-92
-318;-307
247;96
-876;941
-986;-80
12;-733
-694;-539
104;423
-529;-903
-438;-512
373;898
53;-656
-424;-409
139;709
265;-462
536;-727
-390;-381
875;-902
-949;544
-1;428
648;-464
653;-524
663;548
892;495
491;-69
-118;671
-844;461
820;820
950;-830
-780;-701
780;474
769;982
-398;695
-504;931
883;823
243;955
431;162
-278;599
940;556
306;526
2;743
784;-876
-420;-362
909;-705
24;212
741;98
979;-441
293;323
-355;-188
956;-205
-420;-982
-461;-512
500;-81
21;-52
-987;682
-94;-220
772;134
-260;-782
124;275
894;-964
591;-131
-774;310
-991;624
741;204
512;-191
969;-601
-816;242
-883;191
-911;-703
9;713
-145;-168
691;414
-179;-684
205;621
-342;307
-371;-76
-942;-568
-769;-25
309;-910
-194;575
69;-52
-583;882
333;-673
-852;-273
193;-41
-433;-211
80;-837
170;486
-597;-742
78;-113
326;991
-793;449
9;-386
-175;513
603;292
-42;-4
499;558
806;-604
310;-822
868;-476
-566;600
-529;-771
430;-247
-634;-721
-629;-281
186;-401
207;-278
398;-337
983;-678
441;-297
174;221
139;383
634;-537
890;-625
697;-422
851;286
835;366
44;-927
833;-813
-322;-846
-602;585
192;-303
348;347
411;485
292;721
-247;-214
334;-626
-909;740
-118;-159
-848;-147
-31;41
52;-82
-760;-201
-906;84
975;119
692;577
757;-501
839;-731
-497;877
828;-68
830;-809
849;-762
914;-70
-533;-335
634;-798
566;701
-48;860
-26;791
553;-990
-234;-485
539;-778
-887;-1
-562;248
-1000;-480
-853;-857
371;-233
-358;24
790;811
-553;-741
848;309
49;-691
533;-380
-994;861
-118;200
643;-121
-668;67
-801;886
286;-333
-671;-947
474;998
-529;586
735;-972
320;274
661;-63
-21;553
-244;247
178;-532
-310;-99
-98;52
674;325
-967;-63
286;342
868;-527
-408;673
612;332
850;-470
-662;7
749;-529
948;-946
567;885
-322;338
-83;-654
495;-262
982;-659
-41;992
-699;-469
-262;-463
-752;89
237;-282
617;-834
-555;891
-121;-772
501;267
443;853
-888;-5
-330;-579
-22;-446
-249;-555
-422;-171
-384;723
-580;800
-658;795
774;972
666;876
792;-522
981;297
981;-934
282;-538
-817;-401
-976;273
-359;777
-250;-783
921;-526
-307;-162
-132;-965
-759;-551
-520;-639
279;182
232;-744
-9;199
-833;912
-916;17
954;479
-745;-966
-576;-879
-378;327
-308;418
-367;-152
336;-432
-476;-293
-544;-643
-315;699
-417;857
402;-922
-477;-945
778;-963
-93;-979
-234;-822
-47;-490
186;508
422;704
367;-42
-755;692
-317;237
628;-320
4;-319
-183;68
177;-893
-910;-181
-293;611
-46;-132
-793;-77
-139;716
-425;489
406;312
650;-47
-729;-942
-243;-439
-276;-652
265;296
966;-853
652;751
519;955
-35;-593
-139;-972
506;-573
80;-857
-55;-205
248;-413
-360;132
-560;779
298;-624
-905;-674
959;-857
372;-340
-946;-93
-402;133
-690;-993
-412;905
-106;-880
105;209
-733;804
-684;-543
-923;839
65;-841
188;925
598;940
207;-337
897;-887
-580;-148
400;341
-627;431
-46;-399
985;-570
372;496
-616;-425
944;684
772;333
414;614
-682;-958
973;-671
899;400
545;141
-478;-924
182;-960
602;-28
-355;300
99;-806
-54;-986
-533;-763
50;-700
194;185
-334;-87
478;-92
-560;25
844;-716
-37;-921
-510;-526
-555;726
262;322
747;-304
257;906
-920;914
-258;515
-438;-949
-596;610
259;373
-445;39
-533;-70
-69;177
-615;-426
-99;-538
-889;-677
-525;-574
157;84
-136;791
517;-711
452;-876
668;885
260;-306
141;566
237;587
94;807
-901;-885
-917;515
-53;-285
-327;187
-691;715
-76;594
242;-989
175;692
449;173
881;826
104;-405
996;977
704;907
-237;346
123;471
-305;-972
513;-27
-537;-154
733;385
340;-775
572;668
99;352
-632;849
-845;604
-531;-90
-516;19
73;99
-676;-610
876;641
282;509
-237;-628
-920;694
550;-486
-623;-322
-130;-358
-86;907
-125;-541
-468;-103
-1;800
121;415
676;693
-294;-141
367;860
-940;673
889;-667
-956;-430
-485;35
-861;-528
325;658
-999;-843
-295;-883
993;-963
-290;617
-700;-193
271;765
-850;439
518;-442
-208;972
558;-209
-787;688
771;-388
124;528
124;691
860;-828
-297;535
700;-424
402;-547
585;-493
395;686
752;-529
802;763
-943;322
-695;-699
-983;155
853;423
-824;-399
-479;30
15;-797
537;-345
599;-823
-107;-194
-396;122
-714;-357
-348;-236
-232;-221
212;-942
303;538
108;-970
-363;-444
-953;985
363;474
-78;-509
-767;-9
-936;944
502;478
-109;863
-210;-409
-772;732
-596;115
-468;391
744;-642
-85;518
-351;262
-392;-979
-969;-882
212;-985
-761;590
-612;-630
111;-749
843;-976
-742;402
19;-306
-956;405
220;358
462;-269
696;120
443;-344
927;-391
726;-477
-253;688
222;921
-482;-803
-72;31
-486;-403
-29;933
-474;883
-358;-234
41;603
-835;382
451;-200
-774;241
355;-882
-18;990
177;-336
790;316
-684;-218
-759;-86
129;772
629;-974
841;-453
603;214
-205;943
228;555
353;116
201;356
253;253
-975;-98
506;319
-940;724
6;564
-215;-709
-384;-728
-31;623
-329;-100
-531;966
-259;799
47;-382
98;-2
-786;153
518;461
849;901
-77;-609
-148;-374
-420;885
986;395
-718;-853
919;109
-109;924
632;-246
715;253
759;-242
-730;977
983;343
131;-817
946;390
-49;-452
-403;875
-843;427
-261;-147
514;-947
180;-231
-586;-877
-41;-460
-754;407
591;776
-960;303
-669;-532
207;-773
676;388
-233;-219
-147;-397
-170;-258
-657;-816
-613;-532
76;272
-982;-879
342;537
-82;254
350;656
-49;699
251;95
562;157
844;-905
284;68
-658;743
216;-562
0;155
803;-43
103;394
-564;563
-362;454
-147;-478
462;-147
315;216
449;-207
-679;-434
-251;-298
-849;410
219;369
256;509
600;761
651;-32
290;-542
-201;-704
824;-805
284;-113
-630;88
-959;-721
-108;680
-454;4
112;-642
409;-167
762;-452
-710;-921
556;689
630;-172
-732;271
71;363
262;189
-260;917
-573;458
850;61
-149;-542
533;118
-191;662
678;-647
-507;859
997;548
-696;-868
942;707
11;-448
-896;655
-198;-881
837;94
-682;224
155;433
54;674
-842;-819
-129;635
-691;750
-597;306
-838;658
-834;-385
403;-230
-686;597
183;207
277;-342
142;-756
207;304
685;603
260;-325
-872;-510
712;-992
-743;297
-834;-428
324;-592
-823;-591
-590;-852
63;-319
-28;-185
-76;188
957;80
659;584
-282;600
-31;-786
-726;-975
-24;-995
-27;779
-567;-540
-371;595
-434;-169
592;-427
-960;-64
228;-902
420;479
-678;913
-1;131
442;813
-675;-124
858;-19
-271;-67
-509;726
988;726
84;-878
-563;731
854;357
364;891
-74;-377
-444;-915
530;540
-680;-237
-453;-518
-156;-84
-819;-456
893;-228
116;404
938;160
114;288
234;-580
-635;581
229;-994
-829;-119
-883;158
-231;-777
297;142
328;-873
649;-627
-500;862
286;-35
-688;-119
949;340
403;-395
206;-581
-408;699
-917;-114
-45;-743
770;246
-786;-115
-610;-654
